from_state,to_state,transition_count,replay_count,player_count,pct_of_all_transitions
18,20,1193030,7500,14987,8.146
24,25,819237,7500,15000,5.5937
20,18,782063,7500,14849,5.3399
20,24,562510,7500,15000,3.8408
14,18,255144,7500,14971,1.7421
43,14,228718,7500,14972,1.5617
14,20,217640,7500,14984,1.486
236,43,214312,7500,14963,1.4633
65,70,174113,7500,14954,1.1888
20,21,173833,7500,14977,1.1869
24,43,172818,7495,14454,1.18
361,24,166208,7500,14972,1.1349
360,361,165061,7500,14982,1.127
25,65,160440,7500,14935,1.0955
39,360,157575,7500,14970,1.0759
67,72,155009,7500,14944,1.0584
252,253,145887,7500,14939,0.9961
69,74,141616,7499,14919,0.967
14,24,129334,7500,14892,0.8831
24,26,129054,7500,14893,0.8812
42,18,127302,7499,14906,0.8692
29,27,122263,7500,14912,0.8348
253,29,120050,7499,14841,0.8197
42,20,116255,7500,14861,0.7938
24,212,102325,7497,14701,0.6987
25,236,101746,7487,14529,0.6947
25,67,99432,7493,14771,0.6789
15,20,99052,7339,12637,0.6763
25,69,95034,7492,14640,0.6489
29,42,85960,7482,14704,0.5869
179,24,85894,7463,14172,0.5865
25,42,81709,7482,14479,0.5579
344,345,81239,7409,13235,0.5547
70,14,79217,7484,14494,0.5409
212,213,78552,7487,14421,0.5364
365,366,77894,7492,14387,0.5319
178,179,73302,7435,14146,0.5005
20,29,73177,7405,14138,0.4997
345,42,70159,7320,12570,0.479
366,27,70033,7481,14265,0.4782
241,90,69512,7479,14207,0.4746
72,14,69097,7461,14309,0.4718
67,42,68921,7482,14380,0.4706
21,23,68069,7431,13741,0.4648
21,24,67653,7470,14325,0.4619
42,24,65682,7462,14098,0.4485
68,73,64636,7459,13967,0.4413
27,236,64404,7426,13763,0.4397
88,183,64056,7494,14582,0.4374
181,179,63583,7435,13849,0.4341
213,216,63511,7472,14109,0.4337
14,15,59078,7199,12015,0.4034
216,221,56586,7455,13820,0.3864
25,68,56079,7455,13754,0.3829
226,227,55560,7473,14105,0.3794
42,15,55462,7391,13468,0.3787
221,14,53763,7443,13713,0.3671
23,39,53224,7331,12732,0.3634
354,356,52442,7458,13969,0.3581
25,344,51328,7084,11426,0.3505
25,27,51303,7418,13555,0.3503
18,24,49932,7437,13722,0.3409
27,67,49588,7435,13829,0.3386
29,252,49381,7426,13733,0.3372
20,182,49172,6375,9297,0.3357
227,241,47120,7440,13690,0.3217
42,178,45910,7368,13350,0.3135
350,351,43727,7432,13582,0.2986
27,354,41722,7399,13421,0.2849
20,178,41637,6528,9545,0.2843
24,63,41177,7351,12956,0.2812
27,42,41085,7363,13098,0.2805
25,365,40594,7371,12954,0.2772
182,179,39925,7121,11955,0.2726
74,14,39756,7339,12834,0.2715
42,40,39251,7340,12997,0.268
29,365,39023,7298,12500,0.2664
43,18,38950,7281,12511,0.266
43,29,38574,7115,11435,0.2634
178,24,38337,6943,11208,0.2618
74,39,36992,7296,12530,0.2526
351,352,36141,7340,12973,0.2468
26,236,35828,7179,12124,0.2446
73,14,34814,7257,12307,0.2377
14,39,33673,7138,11882,0.2299
356,358,32796,7312,12844,0.2239
14,56,32655,7133,11801,0.223
360,24,32457,7095,11423,0.2216
43,20,32166,7085,11583,0.2196
15,16,31988,7191,12132,0.2184
179,181,31814,6989,11441,0.2172
183,29,31187,7300,12666,0.2129
56,14,30845,7120,11649,0.2106
178,244,30233,6180,9237,0.2064
20,50,30120,7037,11556,0.2057
16,20,29955,6533,9503,0.2045
70,39,28937,7026,11348,0.1976
26,67,28721,7052,11519,0.1961
27,350,28454,7210,12013,0.1943
182,24,27819,5276,6961,0.1899
90,183,27763,7245,12090,0.1896
88,38,27612,7277,12170,0.1885
178,182,27048,5749,7705,0.1847
39,40,27046,6986,11181,0.1847
178,181,26995,6978,11440,0.1843
12,29,26817,7343,12557,0.1831
15,14,26630,7034,11392,0.1818
365,369,26528,7042,11208,0.1811
43,16,26177,6826,10537,0.1787
14,44,25745,6956,11261,0.1758
16,14,25574,6891,10879,0.1746
43,39,24868,6731,10180,0.1698
244,67,24374,6126,9342,0.1664
244,42,23990,6213,9565,0.1638
43,178,23882,6580,10119,0.1631
63,14,23818,6982,11120,0.1626
40,360,23636,6867,10747,0.1614
20,14,23622,6539,9755,0.1613
27,252,22974,6811,10577,0.1569
18,14,22668,6791,10408,0.1548
29,28,21522,6596,9981,0.147
352,43,21301,6752,10474,0.1454
39,24,20691,6608,10104,0.1413
27,69,19965,6709,10183,0.1363
85,42,19856,6797,10707,0.1356
29,67,19842,6300,9362,0.1355
90,199,19164,6663,10114,0.1309
369,366,19153,6473,9479,0.1308
14,16,19079,6046,8337,0.1303
0,12,18946,7156,11622,0.1294
38,27,18309,6593,9822,0.125
70,178,18053,5835,8335,0.1233
68,42,18029,6440,9338,0.1231
39,244,17856,5361,7473,0.1219
354,252,17404,5632,7635,0.1188
178,235,17296,6012,8413,0.1181
90,88,17188,6700,9830,0.1174
88,199,16746,6490,9584,0.1143
179,244,16698,5521,7767,0.114
212,14,16554,6339,9267,0.113
25,28,16490,6247,9055,0.1126
25,43,16049,4058,5036,0.1096
72,39,15872,6100,8610,0.1084
369,27,15753,5820,7839,0.1076
72,18,15746,6201,8969,0.1075
74,18,15553,6038,8461,0.1062
25,252,15538,5962,8398,0.1061
27,43,15352,5641,7817,0.1048
178,233,15168,5653,7773,0.1036
70,18,14981,5928,8383,0.1023
72,178,14806,5468,7627,0.1011
39,57,14659,6019,8434,0.1001
90,200,14536,6121,8700,0.0993
88,27,14522,6356,9054,0.0992
18,56,14350,5706,7636,0.098
24,69,14324,4373,5200,0.0978
183,184,14225,5830,8044,0.0971
74,178,14159,5661,7641,0.0967
15,24,13782,5921,8243,0.0941
183,197,13533,5886,8128,0.0924
66,71,13316,5845,8094,0.0909
180,24,13162,4977,6454,0.0899
40,24,13137,5604,7522,0.0897
21,29,13025,5503,7532,0.0889
26,42,12878,5672,7771,0.0879
80,42,12837,5908,8183,0.0877
28,67,12834,5792,8025,0.0876
24,365,12777,4704,5876,0.0872
86,42,12671,5872,8270,0.0865
40,41,12588,5722,7773,0.086
179,180,12496,5083,6642,0.0853
35,0,12330,6269,8735,0.0842
38,354,12164,5727,7518,0.0831
217,216,12115,4407,5455,0.0827
44,14,12085,5652,7661,0.0825
12,13,12061,5591,7434,0.0824
183,187,11930,5741,7780,0.0815
227,228,11739,4306,5301,0.0802
213,221,11732,5124,6455,0.0801
235,39,11723,5314,7012,0.08
72,20,11665,5431,7273,0.0796
182,181,11531,5241,6987,0.0787
358,357,11524,5665,7719,0.0787
233,14,11491,5244,6895,0.0785
13,29,11370,5443,7134,0.0776
216,217,11364,4328,5327,0.0776
212,88,11309,5576,7473,0.0772
183,186,11248,5232,6785,0.0768
358,35,11025,5702,7694,0.0753
352,252,10994,5369,7018,0.0751
27,65,10924,5266,6909,0.0746
41,15,10915,5217,6743,0.0745
87,38,10912,5659,7440,0.0745
90,223,10897,3729,4434,0.0744
223,224,10870,4254,5166,0.0742
79,88,10798,5579,7352,0.0737
39,41,10766,5021,6444,0.0735
179,212,10647,4930,6233,0.0727
182,244,10626,3597,4295,0.0726
228,227,10563,4103,4998,0.0721
24,68,10515,5167,6652,0.0718
27,68,10378,5300,6820,0.0709
366,361,10356,4292,5192,0.0707
178,234,10353,4919,6364,0.0707
18,15,10259,5336,7000,0.07
90,201,10203,5323,7013,0.0697
364,361,10033,4818,6080,0.0685
77,42,10033,5313,6984,0.0685
29,344,9981,4278,5324,0.0682
234,14,9706,4813,6180,0.0663
226,241,9671,4865,6037,0.066
24,67,9498,4755,5964,0.0649
224,241,9465,3899,4697,0.0646
79,42,9181,5043,6507,0.0627
29,69,9157,4511,5536,0.0625
90,38,9105,5124,6536,0.0622
87,183,9103,5145,6645,0.0622
366,369,9098,4660,5704,0.0621
74,20,9091,4737,5901,0.0621
183,193,9034,5219,6563,0.0617
16,17,9008,4742,5940,0.0615
90,4,8956,5226,6884,0.0612
85,90,8921,4942,6156,0.0609
345,346,8914,4622,5788,0.0609
70,20,8847,4708,5872,0.0604
199,14,8838,4993,6414,0.0603
24,65,8786,3909,4608,0.06
178,180,8784,4976,6271,0.06
89,38,8506,4981,6338,0.0581
90,85,8353,4768,5878,0.057
28,236,8271,4282,5269,0.0565
26,252,8225,4570,5552,0.0562
262,263,8182,4676,5857,0.0559
50,18,8076,4552,5647,0.0551
76,82,8073,4786,5945,0.0551
76,42,8029,4793,5990,0.0548
73,18,7976,4608,5664,0.0545
27,344,7955,4162,5016,0.0543
235,14,7899,4455,5526,0.0539
21,50,7795,4267,5314,0.0532
91,38,7778,4571,5748,0.0531
38,350,7708,4618,5597,0.0526
25,85,7691,4674,5795,0.0525
72,15,7682,4447,5509,0.0525
253,262,7672,4504,5584,0.0524
4,12,7646,4847,6239,0.0522
253,255,7624,4314,5215,0.0521
244,69,7592,4006,4958,0.0518
23,24,7544,4366,5383,0.0515
346,42,7488,4217,5108,0.0511
38,365,7481,4021,4793,0.0511
365,27,7368,4266,5106,0.0503
41,24,7360,4397,5405,0.0503
361,363,7314,4366,5342,0.0499
57,41,7292,4350,5340,0.0498
88,191,7275,4564,5614,0.0497
76,79,7170,4555,5571,0.049
14,212,7126,3871,4589,0.0487
43,15,7115,4300,5278,0.0486
221,18,6966,4077,4899,0.0476
42,56,6965,4163,4987,0.0476
88,200,6952,4345,5331,0.0475
28,354,6900,3741,4437,0.0471
29,354,6887,4267,5179,0.047
356,252,6850,4147,4989,0.0468
361,364,6797,4013,4801,0.0464
191,29,6790,4272,5286,0.0464
25,66,6753,4201,5129,0.0461
88,201,6718,4290,5166,0.0459
360,364,6682,3754,4398,0.0456
90,27,6670,4293,5217,0.0455
366,368,6648,4099,4926,0.0454
212,178,6435,3908,4721,0.0439
183,196,6368,4031,4829,0.0435
178,226,6351,4115,4937,0.0434
56,20,6332,3968,4729,0.0432
28,42,6319,3869,4681,0.0431
79,178,6142,4023,4808,0.0419
26,68,6105,3953,4686,0.0417
26,43,6097,2097,2204,0.0416
16,24,6072,3931,4683,0.0415
240,88,6061,3628,4201,0.0414
18,178,6050,3594,4190,0.0413
199,39,5982,3914,4711,0.0408
26,69,5958,3729,4440,0.0407
199,178,5919,3766,4467,0.0404
178,212,5912,3632,4253,0.0404
199,29,5852,3934,4687,0.04
2,12,5736,4109,4956,0.0392
179,233,5719,3454,4077,0.039
87,27,5670,3832,4567,0.0387
44,45,5644,3444,4059,0.0385
42,16,5643,3440,3974,0.0385
18,182,5619,3124,3587,0.0384
14,63,5601,3698,4323,0.0382
20,88,5586,3758,4481,0.0381
200,178,5515,3641,4310,0.0377
89,183,5513,3825,4514,0.0376
29,350,5501,3351,3855,0.0376
73,39,5489,3569,4140,0.0375
87,191,5446,3723,4424,0.0372
26,27,5408,3592,4217,0.0369
183,90,5385,3779,4341,0.0368
14,178,5382,3264,3762,0.0367
263,42,5329,3563,4172,0.0364
197,14,5308,3582,4188,0.0362
216,220,5284,3344,3813,0.0361
44,18,5252,3495,4090,0.0359
180,14,5220,3621,4229,0.0356
1,12,5205,3876,4589,0.0355
50,14,5201,3492,4082,0.0355
17,14,5200,3353,3859,0.0355
42,44,5196,3379,4068,0.0355
74,360,5175,3469,3984,0.0353
40,57,5151,3420,3965,0.0352
26,28,5140,3493,4075,0.0351
363,14,5087,3483,4055,0.0347
42,29,5083,3609,4229,0.0347
184,186,5065,3185,3631,0.0346
41,14,5008,3396,3929,0.0342
63,178,4994,3351,3924,0.0341
24,88,4958,3544,4107,0.0339
56,18,4945,3317,3831,0.0338
15,39,4887,3041,3464,0.0334
235,178,4787,3189,3657,0.0327
201,178,4774,3333,3874,0.0326
42,14,4768,3231,3720,0.0326
87,199,4764,3441,4012,0.0325
42,88,4751,3505,4034,0.0324
29,236,4681,3124,3538,0.032
368,29,4672,3234,3709,0.0319
21,182,4671,2648,2963,0.0319
89,27,4657,3448,3967,0.0318
44,20,4656,3172,3650,0.0318
25,88,4630,3334,3868,0.0316
43,88,4593,3329,3847,0.0314
179,234,4591,3006,3481,0.0313
187,226,4555,3275,3748,0.0311
38,29,4550,3230,3684,0.0311
199,90,4536,3275,3717,0.031
67,29,4535,3259,3758,0.031
71,14,4482,3236,3711,0.0306
14,182,4469,2901,3254,0.0305
23,19,4443,3145,3600,0.0303
42,182,4421,2996,3445,0.0302
356,88,4404,3232,3593,0.0301
29,65,4366,2905,3223,0.0298
26,344,4348,2348,2583,0.0297
90,89,4313,3207,3674,0.0294
14,29,4305,3093,3528,0.0294
20,214,4300,3036,3473,0.0294
65,85,4286,3078,3586,0.0293
357,14,4285,3127,3593,0.0293
19,24,4237,3011,3431,0.0289
212,18,4233,3012,3433,0.0289
42,360,4228,3127,3531,0.0289
56,15,4220,2888,3275,0.0288
67,85,4082,3048,3502,0.0279
201,14,4055,3030,3421,0.0277
27,32,4015,2964,3334,0.0274
28,350,4010,2869,3233,0.0274
44,39,3993,2891,3265,0.0273
38,0,3988,3078,3422,0.0272
86,29,3979,3030,3357,0.0272
63,20,3926,2936,3296,0.0268
63,18,3922,2966,3318,0.0268
227,240,3919,2678,2980,0.0268
186,178,3906,2826,3185,0.0267
50,20,3889,2809,3205,0.0266
20,76,3880,2957,3344,0.0265
20,90,3775,2844,3217,0.0258
182,233,3734,2657,2963,0.0255
39,80,3730,2848,3238,0.0255
57,20,3724,2663,2937,0.0254
73,178,3704,2575,2877,0.0253
70,360,3701,2659,2939,0.0253
200,14,3696,2755,3101,0.0252
18,212,3681,2298,2537,0.0251
20,87,3673,2857,3192,0.0251
89,191,3668,2864,3225,0.025
253,259,3668,2791,3189,0.025
16,39,3662,2794,3142,0.025
220,14,3635,2611,2912,0.0248
90,191,3623,2795,3132,0.0247
244,27,3620,2376,2673,0.0247
197,178,3595,2713,3002,0.0245
216,219,3586,2698,3010,0.0245
43,24,3541,2641,2951,0.0242
73,20,3533,2581,2859,0.0241
29,68,3506,2314,2563,0.0239
200,226,3487,2640,2924,0.0238
67,90,3469,2707,3024,0.0237
25,86,3443,2673,2984,0.0235
364,24,3414,2310,2542,0.0233
182,234,3368,2486,2773,0.023
21,178,3341,2149,2364,0.0228
26,65,3328,2488,2754,0.0227
74,15,3309,2546,2830,0.0226
16,15,3294,2323,2548,0.0225
82,79,3284,2606,2851,0.0224
255,14,3260,2533,2768,0.0223
181,251,3259,2514,2808,0.0223
63,88,3250,2523,2788,0.0222
43,226,3215,2572,2823,0.022
193,194,3189,2584,2831,0.0218
80,24,3188,2514,2829,0.0218
352,35,3181,2620,2860,0.0217
221,20,3179,2325,2555,0.0217
251,252,3162,2453,2716,0.0216
199,88,3158,2425,2639,0.0216
70,15,3151,2432,2671,0.0215
89,199,3143,2525,2802,0.0215
179,235,3118,2406,2654,0.0213
181,24,3116,2396,2647,0.0213
182,235,3093,2379,2628,0.0211
69,85,3090,2246,2692,0.0211
227,239,3065,2361,2612,0.0209
72,360,3065,2375,2624,0.0209
237,238,3053,1739,2612,0.0208
356,87,3050,2449,2664,0.0208
67,88,3041,2339,2684,0.0208
181,180,3017,2381,2632,0.0206
28,252,3016,1870,2006,0.0206
350,352,3004,2231,2437,0.0205
14,88,2996,2431,2676,0.0205
60,14,2981,2274,2513,0.0204
63,15,2951,2384,2568,0.0201
179,226,2939,2307,2551,0.0201
20,226,2936,2376,2615,0.02
358,88,2921,2290,2487,0.0199
21,39,2920,1083,1083,0.0199
27,66,2892,2287,2504,0.0197
184,187,2889,2192,2380,0.0197
184,188,2885,2243,2437,0.0197
233,39,2883,2156,2394,0.0197
50,178,2869,2205,2435,0.0196
39,226,2859,2358,2539,0.0195
221,24,2821,2073,2244,0.0193
193,90,2821,2215,2411,0.0193
233,178,2815,2029,2214,0.0192
16,18,2808,1852,1983,0.0192
244,344,2800,1721,1857,0.0191
25,29,2789,2189,2362,0.019
69,42,2784,2200,2398,0.019
24,344,2774,1681,1779,0.0189
191,192,2739,2204,2399,0.0187
357,178,2724,2172,2394,0.0186
72,88,2724,2241,2449,0.0186
50,15,2715,2105,2297,0.0185
42,90,2687,2146,2356,0.0183
65,89,2686,1986,2392,0.0183
27,365,2674,2068,2241,0.0183
251,42,2669,2164,2390,0.0182
82,88,2656,2207,2389,0.0181
26,365,2641,2129,2324,0.018
74,88,2599,2163,2335,0.0177
358,252,2594,2106,2308,0.0177
85,29,2591,2159,2344,0.0177
65,88,2571,2067,2299,0.0176
212,39,2568,2056,2199,0.0175
25,89,2535,2104,2282,0.0173
201,226,2528,2030,2161,0.0173
187,14,2497,2027,2215,0.017
186,39,2493,1956,2119,0.017
191,194,2475,2005,2172,0.0169
244,236,2464,1543,1656,0.0168
70,88,2442,2025,2191,0.0167
70,16,2431,1867,1995,0.0166
253,257,2429,1948,2113,0.0166
24,226,2425,2051,2200,0.0166
15,56,2423,1768,1889,0.0165
233,18,2421,1824,1977,0.0165
245,18,2418,1680,1764,0.0165
15,178,2413,1905,2053,0.0165
20,79,2412,2028,2199,0.0165
212,76,2412,2041,2198,0.0165
184,189,2408,1976,2123,0.0164
40,80,2401,1945,2094,0.0164
234,178,2391,1877,2023,0.0163
50,88,2378,1968,2106,0.0162
18,63,2375,1912,2065,0.0162
43,17,2352,1535,1623,0.0161
182,180,2351,1659,1790,0.0161
259,14,2344,1942,2129,0.016
90,28,2338,1975,2126,0.016
28,69,2333,1901,2042,0.0159
68,29,2318,1916,2058,0.0158
28,43,2317,1720,1848,0.0158
72,24,2310,1849,1999,0.0158
43,245,2280,1743,1868,0.0156
244,365,2273,1751,1916,0.0155
239,86,2268,1858,1996,0.0155
221,15,2247,1828,1937,0.0153
41,16,2215,1502,1581,0.0151
42,79,2209,1877,2008,0.0151
186,226,2203,1771,1866,0.015
25,90,2203,1874,2021,0.015
90,365,2202,1857,1954,0.015
181,29,2193,1829,1974,0.015
15,182,2177,1735,1843,0.0149
223,241,2176,1406,1490,0.0149
354,88,2167,1860,1968,0.0148
43,90,2155,1811,1951,0.0147
244,65,2147,1485,1589,0.0147
224,225,2145,1274,1350,0.0146
65,90,2140,1833,1950,0.0146
200,90,2138,1772,1891,0.0146
213,217,2115,1507,1591,0.0144
187,90,2114,1782,1894,0.0144
27,88,2111,1812,1951,0.0144
180,235,2109,1760,1901,0.0144
212,87,2104,1830,1940,0.0144
245,20,2101,1752,1853,0.0143
79,90,2089,1722,1867,0.0143
76,178,2087,1796,1925,0.0143
44,15,2085,1691,1815,0.0142
53,14,2080,1686,1820,0.0142
73,15,2078,1683,1796,0.0142
69,88,2064,1763,1877,0.0141
236,35,2061,1781,1900,0.0141
82,42,2054,1740,1886,0.014
24,87,2050,1774,1906,0.014
233,20,2033,1636,1741,0.0139
191,90,2021,1778,1870,0.0138
20,181,2020,1703,1841,0.0138
18,29,2018,1624,1719,0.0138
65,86,2014,1657,1848,0.0138
25,87,2011,1707,1835,0.0137
181,235,2008,1679,1811,0.0137
91,191,1968,1661,1793,0.0134
63,39,1963,1596,1695,0.0134
28,68,1957,1667,1780,0.0134
200,88,1950,1694,1802,0.0133
24,90,1945,1682,1788,0.0133
90,86,1943,1683,1780,0.0133
74,226,1942,1669,1753,0.0133
196,226,1937,1624,1716,0.0132
83,42,1933,1679,1788,0.0132
225,224,1925,1186,1248,0.0131
50,39,1911,1609,1706,0.013
197,226,1906,1595,1674,0.013
350,252,1903,1156,1215,0.013
351,88,1897,1664,1738,0.013
27,85,1894,1655,1762,0.0129
14,226,1887,1644,1745,0.0129
90,91,1887,1649,1760,0.0129
87,200,1882,1636,1729,0.0129
32,354,1868,1602,1696,0.0128
196,178,1863,1579,1682,0.0127
193,29,1856,1616,1716,0.0127
69,89,1843,1611,1715,0.0126
40,20,1839,1330,1396,0.0126
214,215,1830,1579,1662,0.0125
67,86,1825,1540,1681,0.0125
200,39,1824,1544,1636,0.0125
238,14,1824,1272,1632,0.0125
35,43,1819,1563,1679,0.0124
345,14,1819,1041,1098,0.0124
191,197,1819,1553,1664,0.0124
239,88,1810,1555,1650,0.0124
29,66,1804,1554,1640,0.0123
72,226,1795,1549,1643,0.0123
6,7,1795,1603,1706,0.0123
45,39,1791,1429,1527,0.0122
194,226,1780,1535,1616,0.0122
191,196,1780,1562,1653,0.0122
72,90,1776,1549,1639,0.0121
20,77,1776,1542,1644,0.0121
90,6,1773,1587,1687,0.0121
20,89,1772,1573,1662,0.0121
56,88,1764,1548,1627,0.012
181,233,1756,1387,1486,0.012
63,226,1748,1501,1585,0.0119
79,39,1742,1495,1577,0.0119
88,2,1731,1549,1629,0.0118
24,85,1727,1522,1617,0.0118
71,178,1722,1477,1574,0.0118
15,18,1717,1314,1376,0.0117
50,24,1712,1480,1564,0.0117
260,261,1699,1401,1491,0.0116
16,182,1698,1346,1412,0.0116
212,226,1697,1457,1558,0.0116
191,193,1695,1503,1579,0.0116
191,195,1686,1424,1513,0.0115
212,79,1684,1487,1572,0.0115
57,24,1682,1447,1515,0.0115
42,76,1682,1491,1576,0.0115
16,29,1678,1426,1520,0.0115
39,178,1672,1427,1502,0.0114
194,90,1669,1499,1560,0.0114
67,89,1646,1422,1545,0.0112
199,360,1642,1418,1488,0.0112
215,216,1642,1447,1510,0.0112
69,90,1636,1456,1525,0.0112
186,14,1629,1421,1498,0.0111
42,181,1628,1440,1514,0.0111
24,29,1626,1439,1524,0.0111
253,260,1624,1353,1437,0.0111
182,212,1616,1324,1382,0.011
201,90,1614,1424,1499,0.011
219,18,1610,1366,1434,0.011
86,27,1607,1429,1493,0.011
24,76,1607,1428,1505,0.011
14,60,1599,1297,1378,0.0109
181,234,1592,1361,1439,0.0109
71,18,1590,1385,1462,0.0109
196,14,1577,1373,1443,0.0108
82,178,1568,1403,1475,0.0107
43,87,1568,1390,1461,0.0107
57,40,1556,1295,1359,0.0106
20,39,1544,1301,1367,0.0105
39,182,1544,1304,1361,0.0105
219,14,1541,1337,1404,0.0105
235,360,1539,1314,1375,0.0105
56,178,1521,1248,1317,0.0104
7,12,1517,1376,1457,0.0104
220,20,1511,1221,1266,0.0103
245,39,1509,1343,1412,0.0103
88,28,1508,1292,1362,0.0103
234,20,1497,1279,1338,0.0102
90,29,1492,1321,1384,0.0102
88,1,1491,1348,1427,0.0102
45,14,1482,1265,1327,0.0101
28,65,1476,1289,1347,0.0101
187,178,1465,1314,1375,0.01
192,194,1458,1279,1345,0.01
38,252,1457,1292,1365,0.0099
29,88,1453,1320,1378,0.0099
43,79,1453,1270,1358,0.0099
56,39,1452,1253,1297,0.0099
244,66,1447,1180,1252,0.0099
234,39,1444,1243,1303,0.0099
212,20,1442,1286,1337,0.0098
235,88,1441,1268,1337,0.0098
24,66,1436,1269,1334,0.0098
87,201,1425,1261,1327,0.0097
38,67,1424,1250,1307,0.0097
244,28,1420,1169,1241,0.0097
41,18,1415,1218,1270,0.0097
20,60,1412,1218,1270,0.0096
199,20,1405,1246,1298,0.0096
43,360,1403,1226,1283,0.0096
18,39,1401,1240,1308,0.0096
35,252,1390,1243,1304,0.0095
212,90,1383,1235,1295,0.0094
14,90,1370,1237,1292,0.0094
16,178,1365,1146,1198,0.0093
224,240,1362,1156,1194,0.0093
69,86,1362,1227,1277,0.0093
38,28,1358,1217,1275,0.0093
74,24,1358,1194,1242,0.0093
74,29,1348,951,993,0.0092
360,365,1345,1143,1204,0.0092
88,90,1343,1231,1270,0.0092
43,44,1343,1180,1220,0.0092
183,88,1339,1216,1268,0.0091
68,88,1333,1178,1244,0.0091
18,88,1327,1212,1265,0.0091
42,87,1323,1220,1267,0.009
71,39,1318,1183,1237,0.009
245,178,1317,1173,1234,0.009
20,80,1317,1188,1240,0.009
20,233,1313,1167,1212,0.009
14,245,1313,1191,1228,0.009
40,178,1312,1170,1222,0.009
72,29,1309,1130,1184,0.0089
356,91,1287,1167,1211,0.0088
70,245,1285,1137,1199,0.0088
68,85,1283,1159,1216,0.0088
91,2,1282,1168,1235,0.0088
348,349,1277,1042,1131,0.0087
181,244,1276,1116,1170,0.0087
70,24,1270,1086,1134,0.0087
39,76,1267,1171,1216,0.0087
39,44,1259,897,923,0.0086
18,53,1254,1122,1171,0.0086
368,363,1254,1118,1172,0.0086
56,90,1247,1148,1190,0.0085
40,182,1244,1080,1126,0.0085
74,16,1243,1070,1123,0.0085
17,39,1230,1054,1089,0.0084
85,39,1215,1102,1146,0.0083
27,90,1212,1096,1155,0.0083
39,29,1206,1078,1127,0.0082
235,18,1198,1064,1107,0.0082
39,63,1195,952,983,0.0082
356,85,1192,975,1011,0.0081
27,86,1190,1079,1131,0.0081
57,178,1188,1037,1090,0.0081
351,90,1188,1049,1069,0.0081
91,1,1186,1099,1147,0.0081
74,90,1180,1064,1113,0.0081
63,79,1178,1084,1121,0.008
15,53,1174,1001,1041,0.008
21,88,1160,1049,1088,0.0079
234,18,1157,997,1043,0.0079
352,88,1156,1066,1114,0.0079
16,53,1151,1015,1043,0.0079
67,87,1147,1056,1094,0.0078
89,200,1141,1042,1088,0.0078
18,44,1141,1038,1073,0.0078
70,226,1138,1021,1068,0.0078
90,87,1133,1036,1079,0.0077
85,27,1133,1025,1071,0.0077
71,20,1132,1011,1058,0.0077
29,90,1131,1032,1072,0.0077
255,178,1129,984,1026,0.0077
32,350,1119,997,1022,0.0076
21,76,1114,1020,1054,0.0076
76,90,1111,1018,1052,0.0076
212,80,1111,980,1047,0.0076
194,178,1100,1009,1050,0.0075
358,87,1099,993,1021,0.0075
56,24,1098,974,1007,0.0075
56,79,1098,996,1032,0.0075
70,90,1092,997,1021,0.0075
82,76,1084,972,1004,0.0074
40,18,1082,794,815,0.0074
24,86,1082,991,1033,0.0074
29,85,1081,998,1034,0.0074
55,14,1080,979,1004,0.0074
63,90,1079,963,1010,0.0074
65,42,1077,984,1012,0.0074
56,82,1077,979,1020,0.0074
217,221,1068,865,882,0.0073
257,14,1068,969,1008,0.0073
88,0,1062,952,989,0.0073
245,246,1061,931,956,0.0072
196,39,1058,942,972,0.0072
56,226,1057,965,1003,0.0072
63,76,1056,960,1004,0.0072
16,63,1043,895,923,0.0071
60,178,1041,938,976,0.0071
361,226,1040,962,995,0.0071
235,226,1036,956,991,0.0071
63,87,1033,946,979,0.0071
193,196,1029,932,969,0.007
14,76,1026,950,990,0.007
57,15,1024,927,956,0.007
39,60,1023,797,822,0.007
43,76,1020,931,967,0.007
235,15,1020,936,968,0.007
18,360,1016,925,960,0.0069
356,86,1015,913,945,0.0069
56,237,1003,781,918,0.0068
23,245,1001,585,597,0.0068
182,226,998,920,953,0.0068
79,24,998,940,965,0.0068
14,64,997,908,934,0.0068
74,212,996,902,935,0.0068
42,226,995,917,944,0.0068
354,87,994,925,950,0.0068
200,79,994,909,939,0.0068
70,76,992,918,952,0.0068
189,14,989,899,931,0.0068
341,342,982,873,909,0.0067
42,212,980,883,917,0.0067
76,39,980,911,943,0.0067
357,15,978,897,931,0.0067
73,88,976,892,914,0.0067
342,343,973,865,902,0.0066
42,245,967,894,925,0.0066
24,79,963,890,922,0.0066
26,85,957,889,917,0.0065
17,18,956,769,802,0.0065
87,1,949,888,926,0.0065
39,64,947,876,902,0.0065
180,88,942,884,909,0.0064
21,19,941,777,799,0.0064
199,15,939,858,888,0.0064
85,354,937,801,822,0.0064
358,90,936,872,894,0.0064
43,181,935,846,879,0.0064
199,226,935,811,831,0.0064
199,18,929,857,879,0.0063
233,15,929,836,854,0.0063
193,197,928,856,878,0.0063
18,226,922,849,883,0.0063
50,226,922,847,871,0.0063
18,60,922,854,883,0.0063
15,29,920,845,874,0.0063
226,223,919,856,874,0.0063
197,20,917,833,854,0.0063
14,79,917,854,880,0.0063
233,88,914,838,859,0.0062
358,91,914,828,862,0.0062
186,235,911,809,834,0.0062
91,183,910,843,872,0.0062
90,354,904,836,862,0.0062
91,199,904,821,852,0.0062
180,178,903,827,850,0.0062
60,18,901,821,844,0.0062
65,87,900,815,850,0.0061
85,14,900,828,862,0.0061
214,88,896,826,849,0.0061
87,2,895,841,874,0.0061
74,79,892,826,854,0.0061
79,87,892,838,862,0.0061
346,29,889,793,823,0.0061
39,77,888,835,856,0.0061
255,20,886,807,826,0.006
228,241,885,752,765,0.006
27,87,881,814,844,0.006
17,24,880,805,832,0.006
24,236,880,806,823,0.006
38,344,880,803,826,0.006
86,88,877,818,842,0.006
187,88,876,810,833,0.006
85,79,874,826,844,0.006
178,88,868,801,826,0.0059
255,39,866,662,675,0.0059
263,88,863,800,823,0.0059
50,87,857,780,808,0.0059
42,60,857,782,805,0.0059
72,87,850,795,822,0.0058
74,76,850,798,821,0.0058
44,24,850,777,795,0.0058
226,224,844,777,799,0.0058
184,29,839,773,794,0.0057
14,87,839,786,805,0.0057
89,201,837,774,803,0.0057
180,15,837,788,810,0.0057
29,0,835,779,801,0.0057
235,79,833,778,797,0.0057
42,80,830,761,778,0.0057
25,350,829,722,746,0.0057
181,212,826,762,779,0.0056
26,29,825,753,779,0.0056
357,39,825,774,790,0.0056
197,90,823,767,789,0.0056
23,14,821,748,775,0.0056
180,18,819,759,787,0.0056
201,88,818,770,783,0.0056
76,88,817,770,792,0.0056
253,254,815,740,763,0.0056
50,90,813,737,779,0.0056
187,20,809,766,781,0.0055
200,18,804,739,762,0.0055
70,87,804,751,777,0.0055
57,76,802,754,767,0.0055
50,29,801,741,766,0.0055
43,56,800,723,742,0.0055
72,76,799,739,761,0.0055
73,16,796,585,594,0.0054
28,344,795,659,678,0.0054
57,88,794,741,768,0.0054
20,82,792,759,778,0.0054
70,29,792,721,742,0.0054
244,43,790,640,645,0.0054
73,360,788,730,749,0.0054
64,178,786,737,760,0.0054
212,15,784,725,737,0.0054
197,18,780,698,721,0.0053
21,87,778,721,744,0.0053
247,0,777,729,748,0.0053
44,237,776,619,731,0.0053
244,88,774,719,743,0.0053
360,226,771,729,744,0.0053
39,79,769,720,740,0.0053
351,2,768,704,724,0.0052
85,76,766,716,738,0.0052
27,14,762,640,664,0.0052
203,354,761,673,710,0.0052
196,90,761,702,717,0.0052
74,235,759,664,679,0.0052
73,29,757,678,694,0.0052
56,89,756,710,728,0.0052
17,16,755,689,707,0.0052
41,44,754,699,719,0.0051
72,79,752,711,733,0.0051
43,80,751,712,734,0.0051
351,348,749,583,646,0.0051
351,87,745,708,716,0.0051
261,42,745,667,688,0.0051
347,348,744,683,704,0.0051
39,20,743,624,636,0.0051
183,89,742,700,715,0.0051
199,79,740,690,708,0.0051
192,195,738,691,701,0.005
26,88,738,702,717,0.005
186,90,736,663,691,0.005
18,90,735,701,714,0.005
201,235,730,672,695,0.005
244,68,726,624,636,0.005
74,87,726,690,703,0.005
86,28,725,670,685,0.005
363,20,723,666,680,0.0049
179,88,721,685,699,0.0049
183,189,720,672,693,0.0049
352,87,720,683,704,0.0049
71,15,719,682,696,0.0049
15,88,716,678,693,0.0049
50,76,716,675,691,0.0049
361,76,713,688,697,0.0049
351,86,712,675,689,0.0049
233,226,711,648,665,0.0049
42,63,711,670,685,0.0049
88,89,711,680,692,0.0049
191,88,708,671,691,0.0048
40,63,707,629,643,0.0048
201,20,706,669,681,0.0048
85,178,705,665,679,0.0048
193,192,705,655,674,0.0048
15,63,702,632,652,0.0048
235,87,701,659,677,0.0048
86,354,701,648,659,0.0048
363,178,699,655,677,0.0048
236,88,696,669,682,0.0048
74,56,694,634,655,0.0047
64,18,693,656,672,0.0047
14,80,690,659,668,0.0047
186,88,688,630,642,0.0047
212,77,688,644,657,0.0047
88,247,684,642,662,0.0047
20,212,681,522,522,0.0046
25,226,681,642,662,0.0046
235,90,674,622,638,0.0046
25,91,671,641,651,0.0046
195,226,667,627,642,0.0046
17,20,664,541,545,0.0045
200,20,663,617,632,0.0045
200,29,662,621,639,0.0045
29,86,660,624,638,0.0045
70,79,659,617,631,0.0045
45,18,658,612,623,0.0045
234,15,656,611,622,0.0045
50,79,652,625,635,0.0045
351,1,649,616,624,0.0044
88,87,648,617,629,0.0044
40,77,647,611,618,0.0044
65,28,646,598,607,0.0044
361,88,644,605,624,0.0044
220,15,642,574,581,0.0044
188,226,642,593,603,0.0044
199,89,641,608,625,0.0044
87,88,640,614,627,0.0044
89,88,636,607,623,0.0043
16,55,636,590,604,0.0043
244,85,635,593,606,0.0043
70,80,633,598,617,0.0043
15,55,630,588,594,0.0043
67,0,630,593,606,0.0043
201,18,628,589,610,0.0043
13,344,624,413,419,0.0043
32,42,624,592,605,0.0043
72,235,621,559,569,0.0042
245,29,620,574,585,0.0042
69,0,619,589,599,0.0042
79,76,619,590,604,0.0042
44,88,618,592,605,0.0042
180,39,618,577,588,0.0042
214,14,618,581,596,0.0042
70,181,618,586,601,0.0042
195,14,617,592,604,0.0042
178,251,616,568,584,0.0042
70,235,615,542,547,0.0042
73,24,614,569,583,0.0042
213,220,614,552,565,0.0042
358,89,613,573,588,0.0042
79,226,613,581,595,0.0042
20,91,610,577,588,0.0042
356,89,610,592,601,0.0042
76,24,608,585,592,0.0042
43,77,608,577,591,0.0042
235,20,607,576,585,0.0041
85,88,607,584,597,0.0041
80,251,603,573,589,0.0041
24,77,603,569,584,0.0041
18,76,601,563,580,0.0041
74,80,601,563,580,0.0041
29,43,600,521,533,0.0041
178,14,599,370,370,0.0041
41,20,598,487,492,0.0041
192,196,597,565,578,0.0041
38,2,592,560,576,0.004
212,91,590,563,574,0.004
88,354,590,565,575,0.004
203,350,589,535,552,0.004
201,76,587,552,567,0.004
361,90,586,560,573,0.004
188,14,585,537,551,0.004
188,178,583,555,563,0.004
356,90,583,520,560,0.004
24,27,582,527,544,0.004
56,87,580,549,559,0.004
235,76,579,543,551,0.004
24,80,578,545,557,0.0039
197,235,577,541,548,0.0039
70,44,576,524,537,0.0039
63,24,575,544,554,0.0039
85,15,575,555,564,0.0039
56,76,570,532,546,0.0039
194,39,570,541,546,0.0039
40,76,568,542,551,0.0039
72,56,567,520,534,0.0039
63,80,567,537,546,0.0039
43,91,567,545,554,0.0039
73,245,566,525,534,0.0039
65,27,566,538,544,0.0039
64,226,565,538,546,0.0039
50,56,563,523,532,0.0038
199,235,563,515,524,0.0038
38,1,563,542,548,0.0038
60,88,561,531,543,0.0038
40,64,560,532,537,0.0038
26,66,558,535,547,0.0038
186,29,558,530,538,0.0038
72,80,557,533,545,0.0038
235,80,556,530,542,0.0038
57,87,555,539,543,0.0038
79,82,555,535,544,0.0038
14,360,553,499,508,0.0038
212,89,552,525,534,0.0038
197,24,551,510,517,0.0038
369,364,550,477,486,0.0038
255,15,550,520,524,0.0038
363,15,549,527,537,0.0037
67,91,547,519,535,0.0037
194,14,547,517,533,0.0037
43,57,546,513,517,0.0037
201,39,546,524,530,0.0037
39,88,545,516,531,0.0037
43,235,543,505,517,0.0037
234,88,542,516,526,0.0037
72,245,541,514,524,0.0037
44,226,541,508,523,0.0037
357,88,540,510,521,0.0037
90,350,540,510,523,0.0037
233,87,537,514,521,0.0037
18,79,537,515,521,0.0037
63,235,535,486,499,0.0037
363,18,531,509,516,0.0036
38,69,528,489,500,0.0036
188,39,525,491,503,0.0036
343,14,525,493,505,0.0036
183,188,525,506,510,0.0036
88,85,524,497,506,0.0036
361,87,524,503,509,0.0036
224,239,521,497,505,0.0036
57,226,519,498,509,0.0035
199,87,519,498,509,0.0035
252,262,518,496,507,0.0035
14,341,518,480,493,0.0035
91,27,516,492,503,0.0035
40,79,516,491,497,0.0035
187,79,514,478,484,0.0035
233,90,514,484,494,0.0035
45,20,511,479,491,0.0035
42,64,508,478,487,0.0035
17,29,508,464,471,0.0035
64,14,508,478,490,0.0035
344,42,506,411,414,0.0035
187,15,505,479,488,0.0034
65,91,505,480,494,0.0034
68,86,503,486,491,0.0034
252,14,501,442,469,0.0034
89,2,500,485,492,0.0034
29,89,499,482,492,0.0034
189,178,498,477,483,0.0034
27,203,497,433,457,0.0034
43,182,494,466,473,0.0034
39,90,493,462,472,0.0034
44,90,492,469,479,0.0034
38,88,490,469,479,0.0033
89,1,489,472,483,0.0033
78,42,489,449,460,0.0033
352,90,486,475,480,0.0033
350,88,480,471,472,0.0033
18,51,477,453,461,0.0033
246,18,476,433,442,0.0033
56,80,475,453,465,0.0032
14,45,474,444,457,0.0032
50,237,474,443,464,0.0032
80,86,473,450,461,0.0032
57,18,473,445,450,0.0032
360,76,468,455,463,0.0032
234,226,468,437,446,0.0032
219,15,467,441,445,0.0032
57,90,467,444,454,0.0032
192,197,465,445,450,0.0032
38,191,464,452,457,0.0032
18,87,464,453,458,0.0032
85,28,464,448,453,0.0032
199,76,463,442,451,0.0032
186,360,463,437,445,0.0032
349,14,461,439,447,0.0031
16,56,460,422,427,0.0031
42,77,460,443,449,0.0031
356,359,460,428,440,0.0031
27,89,460,449,455,0.0031
79,181,455,437,446,0.0031
50,44,455,433,439,0.0031
14,181,454,436,446,0.0031
233,360,454,428,434,0.0031
15,60,452,430,442,0.0031
90,2,451,429,438,0.0031
88,203,450,424,435,0.0031
40,60,449,417,423,0.0031
57,237,449,383,427,0.0031
201,15,449,433,442,0.0031
189,251,448,424,430,0.0031
21,245,444,432,436,0.003
352,91,442,427,428,0.003
197,15,442,418,428,0.003
186,181,441,428,431,0.003
44,87,441,423,433,0.003
14,77,441,424,428,0.003
212,181,439,423,429,0.003
18,64,437,424,428,0.003
359,35,433,401,413,0.003
43,89,433,417,425,0.003
72,181,432,420,426,0.0029
178,90,430,414,423,0.0029
226,240,429,406,409,0.0029
363,39,429,411,416,0.0029
179,251,429,415,422,0.0029
21,214,426,415,417,0.0029
24,91,425,407,414,0.0029
74,245,425,392,397,0.0029
79,18,424,410,414,0.0029
196,88,424,404,408,0.0029
74,181,422,405,413,0.0029
351,91,420,406,413,0.0029
212,235,419,392,403,0.0029
358,86,419,404,408,0.0029
213,219,419,393,394,0.0029
28,32,418,405,412,0.0029
60,90,416,386,394,0.0028
197,39,416,397,406,0.0028
69,87,415,397,402,0.0028
253,258,414,393,399,0.0028
199,181,414,398,403,0.0028
35,88,412,402,405,0.0028
214,178,411,398,401,0.0028
44,76,409,399,407,0.0028
15,64,408,396,398,0.0028
358,85,407,396,401,0.0028
19,21,407,386,389,0.0028
244,252,407,347,363,0.0028
189,29,405,382,386,0.0028
221,39,400,354,362,0.0027
226,239,400,378,379,0.0027
200,76,399,384,391,0.0027
42,57,398,380,387,0.0027
70,77,397,380,387,0.0027
53,18,397,372,378,0.0027
86,90,395,385,388,0.0027
178,29,393,377,383,0.0027
20,83,391,375,379,0.0027
55,18,391,374,377,0.0027
263,89,390,367,372,0.0027
56,83,390,379,383,0.0027
186,89,389,377,380,0.0027
77,29,388,370,373,0.0026
50,63,387,378,379,0.0026
82,39,387,378,384,0.0026
82,14,386,378,383,0.0026
200,15,385,368,372,0.0026
41,39,384,289,295,0.0026
200,235,383,366,372,0.0026
90,226,382,359,363,0.0026
91,201,381,367,371,0.0026
360,87,380,368,371,0.0026
351,85,379,362,367,0.0026
79,251,378,363,372,0.0026
53,20,378,363,365,0.0026
200,181,377,361,369,0.0026
26,86,376,363,368,0.0026
261,29,376,340,345,0.0026
21,79,374,364,367,0.0026
361,79,374,366,369,0.0026
21,20,374,291,291,0.0026
26,90,373,358,366,0.0025
15,212,372,355,356,0.0025
85,18,370,359,362,0.0025
29,87,369,356,364,0.0025
18,181,368,359,364,0.0025
66,42,368,358,360,0.0025
253,14,368,328,347,0.0025
360,90,367,358,361,0.0025
87,90,367,350,355,0.0025
64,20,366,352,357,0.0025
45,15,365,346,348,0.0025
186,79,365,343,348,0.0025
259,20,364,354,358,0.0025
64,88,364,355,357,0.0025
76,15,364,354,361,0.0025
79,85,363,355,360,0.0025
357,20,362,346,354,0.0025
28,85,362,357,357,0.0025
357,18,360,351,353,0.0025
361,366,359,345,346,0.0025
69,91,359,352,356,0.0025
14,264,358,228,242,0.0024
73,56,358,345,348,0.0024
183,86,357,345,348,0.0024
16,88,357,350,352,0.0024
41,178,357,340,343,0.0024
40,29,355,342,346,0.0024
90,1,354,347,349,0.0024
24,350,353,283,286,0.0024
28,14,353,305,311,0.0024
72,77,352,325,338,0.0024
199,24,352,342,343,0.0024
71,88,352,345,347,0.0024
263,85,349,341,343,0.0024
236,90,348,338,341,0.0024
238,39,348,300,330,0.0024
244,86,347,338,340,0.0024
68,90,346,333,339,0.0024
77,27,346,337,343,0.0024
199,80,346,338,342,0.0024
182,88,345,334,338,0.0024
86,89,344,333,337,0.0023
15,226,342,337,339,0.0023
79,15,341,329,334,0.0023
73,226,341,329,333,0.0023
17,53,338,320,323,0.0023
63,89,337,333,334,0.0023
186,18,336,323,327,0.0023
21,77,336,328,332,0.0023
181,79,335,320,327,0.0023
87,0,335,323,327,0.0023
42,341,334,314,320,0.0023
245,24,334,316,322,0.0023
201,79,334,327,330,0.0023
253,256,333,317,320,0.0023
365,90,332,319,326,0.0023
67,27,330,325,327,0.0023
29,223,330,322,326,0.0023
64,90,329,318,325,0.0022
87,28,328,316,321,0.0022
364,363,328,320,322,0.0022
38,68,327,304,313,0.0022
219,20,326,314,317,0.0022
66,88,325,314,321,0.0022
233,76,323,314,319,0.0022
235,77,323,316,318,0.0022
38,65,323,309,313,0.0022
57,77,323,313,317,0.0022
212,24,322,307,311,0.0022
91,200,320,307,313,0.0022
191,87,320,313,315,0.0022
39,347,319,306,309,0.0022
53,15,316,273,277,0.0022
50,77,316,306,310,0.0022
77,24,315,307,308,0.0022
216,222,313,284,289,0.0021
24,89,311,304,307,0.0021
63,77,310,301,304,0.0021
28,88,310,304,308,0.0021
72,44,310,292,299,0.0021
16,64,306,291,295,0.0021
263,86,305,299,300,0.0021
196,79,305,294,298,0.0021
244,90,305,295,300,0.0021
63,82,303,288,293,0.0021
66,0,303,298,300,0.0021
39,87,302,290,296,0.0021
27,91,302,297,301,0.0021
32,252,302,294,298,0.0021
178,89,302,293,297,0.0021
41,182,301,289,294,0.0021
82,87,301,292,295,0.0021
20,16,300,283,286,0.002
178,87,300,290,294,0.002
16,60,300,292,295,0.002
360,88,300,295,297,0.002
74,77,300,287,294,0.002
68,89,298,290,294,0.002
200,360,298,291,294,0.002
201,87,297,288,291,0.002
90,67,297,283,287,0.002
40,226,295,285,290,0.002
200,80,295,288,292,0.002
80,29,294,292,292,0.002
89,90,293,289,292,0.002
257,178,292,271,274,0.002
234,87,292,286,289,0.002
28,66,291,286,287,0.002
60,20,290,282,282,0.002
222,14,290,263,266,0.002
66,85,290,285,289,0.002
87,354,289,283,285,0.002
357,181,287,279,283,0.002
50,80,286,277,281,0.002
65,29,285,278,280,0.0019
14,89,285,276,279,0.0019
197,88,282,271,274,0.0019
51,14,282,268,273,0.0019
183,87,282,273,278,0.0019
234,90,280,268,272,0.0019
88,350,279,274,277,0.0019
26,89,278,270,274,0.0019
76,18,278,270,272,0.0019
82,226,277,267,270,0.0019
70,182,277,262,267,0.0019
82,24,276,272,272,0.0019
212,182,275,270,273,0.0019
79,14,274,267,270,0.0019
201,181,274,266,269,0.0019
25,26,273,131,131,0.0019
235,29,273,267,270,0.0019
180,20,272,263,267,0.0019
180,226,272,269,271,0.0019
238,15,271,259,264,0.0019
68,87,270,264,266,0.0018
60,226,269,260,263,0.0018
74,89,269,260,262,0.0018
72,182,269,262,266,0.0018
19,14,268,263,265,0.0018
366,85,268,265,266,0.0018
366,90,268,260,266,0.0018
69,29,267,261,263,0.0018
220,18,267,250,254,0.0018
87,89,266,263,265,0.0018
180,87,266,264,265,0.0018
63,181,266,262,264,0.0018
257,88,265,252,256,0.0018
18,80,265,254,262,0.0018
64,15,265,254,256,0.0018
212,56,264,257,259,0.0018
18,55,263,255,256,0.0018
76,89,262,259,260,0.0018
366,88,262,252,258,0.0018
21,90,261,254,259,0.0018
28,365,259,248,249,0.0018
39,212,259,249,252,0.0018
44,79,258,247,255,0.0018
82,90,258,246,250,0.0018
200,89,258,253,255,0.0018
90,42,258,251,252,0.0018
63,91,258,250,255,0.0018
212,44,256,243,248,0.0017
38,89,256,251,252,0.0017
35,90,255,251,253,0.0017
14,235,255,245,247,0.0017
244,223,255,249,250,0.0017
88,252,255,247,251,0.0017
67,28,254,248,251,0.0017
88,29,253,248,249,0.0017
259,39,253,242,244,0.0017
20,25,252,97,97,0.0017
38,90,252,244,246,0.0017
201,24,250,245,247,0.0017
263,29,250,239,243,0.0017
72,91,249,244,246,0.0017
38,199,248,241,245,0.0017
352,86,248,238,241,0.0017
354,89,246,239,241,0.0017
71,29,246,236,237,0.0017
28,90,245,236,242,0.0017
26,87,245,235,239,0.0017
236,85,244,238,239,0.0017
212,360,244,238,240,0.0017
233,24,244,238,239,0.0017
179,87,244,240,244,0.0017
80,27,243,236,239,0.0017
73,79,243,240,241,0.0017
42,43,243,188,188,0.0017
86,252,242,236,239,0.0017
88,86,242,238,240,0.0017
179,89,241,236,238,0.0016
56,77,241,236,239,0.0016
234,24,241,230,232,0.0016
80,88,241,236,236,0.0016
195,90,240,232,235,0.0016
60,79,240,233,237,0.0016
259,15,240,230,234,0.0016
357,90,239,234,236,0.0016
50,181,239,231,236,0.0016
65,0,238,226,229,0.0016
253,27,237,198,198,0.0016
57,79,237,226,226,0.0016
72,89,236,233,235,0.0016
264,14,236,146,166,0.0016
199,91,234,230,232,0.0016
57,44,234,223,224,0.0016
180,76,233,230,231,0.0016
368,252,233,223,227,0.0016
88,365,233,225,228,0.0016
200,87,233,228,230,0.0016
196,18,231,220,222,0.0016
85,236,231,226,226,0.0016
40,88,229,225,227,0.0016
196,20,229,224,224,0.0016
74,182,228,228,228,0.0016
254,178,228,227,227,0.0016
16,212,228,220,221,0.0016
41,56,228,222,222,0.0016
194,88,226,222,224,0.0015
71,245,225,221,222,0.0015
85,20,223,217,220,0.0015
28,203,223,207,213,0.0015
60,39,223,214,215,0.0015
20,347,222,208,211,0.0015
14,91,222,219,220,0.0015
251,38,221,220,221,0.0015
258,14,221,213,216,0.0015
44,178,221,213,217,0.0015
197,76,220,219,219,0.0015
195,178,220,213,214,0.0015
352,89,220,217,217,0.0015
15,90,220,219,220,0.0015
354,91,219,217,218,0.0015
354,85,219,215,215,0.0015
346,0,218,213,215,0.0015
244,89,218,210,213,0.0015
70,89,217,211,215,0.0015
18,77,216,214,214,0.0015
354,0,216,213,214,0.0015
187,76,216,212,213,0.0015
63,237,216,193,216,0.0015
80,76,215,208,210,0.0015
261,88,214,210,210,0.0015
86,365,214,211,211,0.0015
85,365,213,205,207,0.0015
71,226,212,209,209,0.0014
80,178,212,207,210,0.0014
242,90,212,198,200,0.0014
351,89,211,208,208,0.0014
187,18,211,207,209,0.0014
21,181,210,204,207,0.0014
15,181,210,206,208,0.0014
79,235,210,205,205,0.0014
193,252,210,207,208,0.0014
56,182,210,205,207,0.0014
233,80,208,205,206,0.0014
20,63,207,188,188,0.0014
233,77,207,198,201,0.0014
90,344,207,198,202,0.0014
179,29,207,205,206,0.0014
363,88,206,204,204,0.0014
50,91,206,198,199,0.0014
196,181,205,202,203,0.0014
68,28,205,200,202,0.0014
357,89,204,199,200,0.0014
235,24,204,198,201,0.0014
246,20,203,198,198,0.0014
77,88,203,200,201,0.0014
361,77,203,203,203,0.0014
188,90,203,201,201,0.0014
28,86,202,201,201,0.0014
73,90,201,196,198,0.0014
233,79,201,197,197,0.0014
88,91,200,196,197,0.0014
50,214,200,195,196,0.0014
15,79,200,197,197,0.0014
24,28,200,174,176,0.0014
57,80,200,194,197,0.0014
45,88,200,197,197,0.0014
53,178,200,197,197,0.0014
79,360,199,197,198,0.0014
223,240,199,190,192,0.0014
43,63,199,196,196,0.0014
88,202,199,190,190,0.0014
360,79,198,194,196,0.0014
79,29,196,189,193,0.0013
75,39,196,193,195,0.0013
251,85,195,194,194,0.0013
187,87,195,189,190,0.0013
197,181,195,189,192,0.0013
63,360,195,188,188,0.0013
84,29,194,191,194,0.0013
217,220,194,186,186,0.0013
70,57,193,189,190,0.0013
85,24,193,190,191,0.0013
50,360,193,188,190,0.0013
39,181,193,191,191,0.0013
45,24,191,186,186,0.0013
74,91,191,187,187,0.0013
234,76,190,188,189,0.0013
227,242,189,173,176,0.0013
42,91,188,184,185,0.0013
350,87,188,186,186,0.0013
32,67,188,185,186,0.0013
39,55,187,184,184,0.0013
189,226,187,184,185,0.0013
178,76,187,181,183,0.0013
66,90,186,183,185,0.0013
202,354,186,175,175,0.0013
70,91,186,186,186,0.0013
346,14,184,128,128,0.0013
361,80,184,181,183,0.0013
354,90,183,181,183,0.0012
225,241,183,153,154,0.0012
263,90,182,179,179,0.0012
41,360,182,182,182,0.0012
89,28,182,180,180,0.0012
80,39,182,177,178,0.0012
64,24,181,178,178,0.0012
360,77,181,178,179,0.0012
196,360,180,175,176,0.0012
343,178,180,178,179,0.0012
20,244,179,134,134,0.0012
212,82,179,177,178,0.0012
201,251,178,174,175,0.0012
348,351,178,173,174,0.0012
233,44,178,172,174,0.0012
21,80,178,174,177,0.0012
67,1,177,171,172,0.0012
76,251,177,174,174,0.0012
67,2,177,172,174,0.0012
16,245,176,166,167,0.0012
71,360,176,173,174,0.0012
64,76,175,173,173,0.0012
357,91,174,173,173,0.0012
56,91,174,171,172,0.0012
345,0,173,168,168,0.0012
45,47,173,166,168,0.0012
182,87,172,171,171,0.0012
349,18,172,167,168,0.0012
50,89,171,169,170,0.0012
251,88,171,170,171,0.0012
15,42,171,149,149,0.0012
179,76,171,168,169,0.0012
246,24,171,164,165,0.0012
236,0,169,161,163,0.0012
254,14,169,166,166,0.0012
50,245,168,167,167,0.0011
70,56,168,165,165,0.0011
234,360,168,161,162,0.0011
197,79,168,164,164,0.0011
238,178,167,161,163,0.0011
15,76,167,166,166,0.0011
64,79,167,164,166,0.0011
23,29,166,164,166,0.0011
44,77,166,162,163,0.0011
196,235,165,161,162,0.0011
71,90,165,163,163,0.0011
236,86,165,162,165,0.0011
50,64,165,162,163,0.0011
43,82,164,162,164,0.0011
182,90,164,162,163,0.0011
90,247,164,162,163,0.0011
181,90,164,162,162,0.0011
195,20,163,159,160,0.0011
15,245,163,160,160,0.0011
179,79,163,161,162,0.0011
60,87,162,158,160,0.0011
40,42,162,139,139,0.0011
369,368,162,159,159,0.0011
76,29,161,154,157,0.0011
236,89,161,159,160,0.0011
235,181,161,159,159,0.0011
60,76,160,158,159,0.0011
228,240,160,155,155,0.0011
66,86,159,153,156,0.0011
82,18,159,156,158,0.0011
47,48,158,152,154,0.0011
263,87,158,154,155,0.0011
67,354,158,156,157,0.0011
39,18,158,154,154,0.0011
41,88,157,157,157,0.0011
356,0,157,154,154,0.0011
29,91,157,154,154,0.0011
196,15,156,154,154,0.0011
39,78,156,151,151,0.0011
73,89,156,152,154,0.0011
73,82,156,156,156,0.0011
187,89,156,153,153,0.0011
196,89,156,152,153,0.0011
263,252,155,149,150,0.0011
179,90,155,153,155,0.0011
234,79,155,153,154,0.0011
365,85,155,155,155,0.0011
15,87,155,152,152,0.0011
15,80,155,154,155,0.0011
73,80,154,152,152,0.0011
79,182,154,153,154,0.0011
74,44,154,148,150,0.0011
181,76,154,153,153,0.0011
186,20,153,150,152,0.001
23,80,153,150,150,0.001
40,181,152,149,150,0.001
178,79,152,149,149,0.001
353,356,152,150,150,0.001
180,79,152,151,152,0.001
76,44,152,149,149,0.001
201,89,151,150,150,0.001
17,63,151,150,150,0.001
63,29,151,148,150,0.001
42,251,150,145,147,0.001
86,350,150,147,147,0.001
40,15,149,132,132,0.001
235,91,149,145,147,0.001
39,365,149,143,143,0.001
194,235,149,143,148,0.001
80,79,149,143,144,0.001
38,183,148,148,148,0.001
261,91,147,145,145,0.001
50,82,146,145,145,0.001
194,89,146,143,143,0.001
42,264,145,118,128,0.001
68,27,145,142,143,0.001
179,82,145,143,143,0.001
78,39,145,140,141,0.001
90,65,145,144,144,0.001
199,44,144,138,141,0.001
76,181,144,142,142,0.001
25,14,143,124,127,0.001
64,39,143,140,142,0.001
44,80,143,143,143,0.001
244,87,143,140,140,0.001
357,226,142,137,137,0.001
216,218,141,129,130,0.001
200,91,141,140,140,0.001
252,257,141,135,135,0.001
78,14,141,139,140,0.001
87,350,141,138,139,0.001
186,15,141,141,141,0.001
44,89,141,139,140,0.001
214,18,141,139,141,0.001
28,87,140,138,139,0.001
360,80,140,140,140,0.001
55,90,140,137,139,0.001
80,360,140,131,131,0.001
66,89,139,137,137,0.0009
236,87,139,135,138,0.0009
55,178,139,135,135,0.0009
349,226,139,135,138,0.0009
194,29,138,136,136,0.0009
40,87,138,135,136,0.0009
42,39,137,136,136,0.0009
187,39,136,134,134,0.0009
90,252,136,134,135,0.0009
363,226,136,134,134,0.0009
73,235,136,136,136,0.0009
186,24,135,132,132,0.0009
201,29,135,134,134,0.0009
79,44,134,134,134,0.0009
67,223,134,131,132,0.0009
50,60,134,129,131,0.0009
187,82,134,126,126,0.0009
364,369,134,129,131,0.0009
183,91,133,131,133,0.0009
16,181,133,129,130,0.0009
21,226,133,131,131,0.0009
17,178,132,127,128,0.0009
44,57,132,130,130,0.0009
68,91,132,131,131,0.0009
362,363,132,128,128,0.0009
25,212,131,71,71,0.0009
186,82,130,127,128,0.0009
250,29,130,128,129,0.0009
218,14,130,121,122,0.0009
214,79,130,129,129,0.0009
40,90,130,127,128,0.0009
178,39,129,115,115,0.0009
352,85,129,129,129,0.0009
14,82,129,128,128,0.0009
21,89,129,126,128,0.0009
354,86,128,124,125,0.0009
43,40,128,124,126,0.0009
35,86,128,126,126,0.0009
358,43,128,127,128,0.0009
214,76,128,124,127,0.0009
180,90,128,127,127,0.0009
56,44,128,125,125,0.0009
23,18,127,126,127,0.0009
214,226,127,127,127,0.0009
60,80,127,124,127,0.0009
20,78,127,126,127,0.0009
71,79,127,126,126,0.0009
40,55,126,121,122,0.0009
43,212,126,126,126,0.0009
39,75,126,126,126,0.0009
349,178,126,122,125,0.0009
76,182,126,125,125,0.0009
189,39,124,122,124,0.0008
186,76,124,123,123,0.0008
183,85,124,123,123,0.0008
188,360,124,123,123,0.0008
60,15,124,123,123,0.0008
363,76,124,124,124,0.0008
224,242,124,120,120,0.0008
259,178,123,122,122,0.0008
188,18,123,116,119,0.0008
83,29,123,121,121,0.0008
199,182,123,121,121,0.0008
71,24,123,119,121,0.0008
188,20,123,121,121,0.0008
35,91,123,120,121,0.0008
79,20,123,120,122,0.0008
15,44,122,122,122,0.0008
235,182,121,118,118,0.0008
358,0,121,117,118,0.0008
200,24,121,120,120,0.0008
233,235,121,118,119,0.0008
199,77,121,120,121,0.0008
89,354,120,118,119,0.0008
233,181,120,119,119,0.0008
68,0,120,118,118,0.0008
191,86,120,120,120,0.0008
78,24,119,118,118,0.0008
38,85,119,118,118,0.0008
15,51,119,118,118,0.0008
82,15,119,116,118,0.0008
86,14,119,118,119,0.0008
43,60,118,113,116,0.0008
366,86,118,116,117,0.0008
41,29,117,116,117,0.0008
202,203,117,114,115,0.0008
256,178,117,117,117,0.0008
201,91,117,115,116,0.0008
38,200,116,115,116,0.0008
16,87,116,113,114,0.0008
245,44,116,115,115,0.0008
24,353,116,112,112,0.0008
234,77,116,115,115,0.0008
215,221,115,112,112,0.0008
234,80,115,113,114,0.0008
214,87,114,114,114,0.0008
354,353,114,112,112,0.0008
64,87,114,113,113,0.0008
75,42,114,104,104,0.0008
72,16,114,107,107,0.0008
17,182,114,109,109,0.0008
350,90,113,111,112,0.0008
73,76,113,110,111,0.0008
23,76,113,113,113,0.0008
83,27,113,112,112,0.0008
63,83,113,112,113,0.0008
42,89,113,113,113,0.0008
365,88,113,113,113,0.0008
257,39,112,109,110,0.0008
368,42,112,106,107,0.0008
86,85,112,110,111,0.0008
70,82,111,110,110,0.0008
255,24,111,109,109,0.0008
39,14,111,99,99,0.0008
212,78,110,104,107,0.0008
29,84,110,110,110,0.0008
17,55,110,110,110,0.0008
73,181,110,107,110,0.0008
350,86,109,108,108,0.0007
194,181,109,108,108,0.0007
76,20,108,108,108,0.0007
38,66,108,107,108,0.0007
233,182,108,107,107,0.0007
365,87,107,106,106,0.0007
40,75,107,96,96,0.0007
29,14,107,97,101,0.0007
196,29,107,106,107,0.0007
17,60,107,102,103,0.0007
19,178,107,105,106,0.0007
189,90,107,106,106,0.0007
50,182,107,104,104,0.0007
74,57,107,105,106,0.0007
366,87,107,106,106,0.0007
28,89,106,105,105,0.0007
201,77,106,105,105,0.0007
263,91,106,104,104,0.0007
16,79,106,106,106,0.0007
197,182,106,104,104,0.0007
236,79,105,104,104,0.0007
188,88,105,104,104,0.0007
212,83,105,104,104,0.0007
183,199,105,96,96,0.0007
192,29,105,104,104,0.0007
56,181,105,103,103,0.0007
178,80,105,102,103,0.0007
254,90,105,102,102,0.0007
41,60,104,103,103,0.0007
234,235,104,104,104,0.0007
236,226,104,100,102,0.0007
26,350,104,102,102,0.0007
90,69,103,103,103,0.0007
363,87,103,101,102,0.0007
73,44,102,101,101,0.0007
361,362,102,97,97,0.0007
18,89,101,101,101,0.0007
78,178,101,99,99,0.0007
357,87,101,100,100,0.0007
255,88,101,101,101,0.0007
87,29,101,101,101,0.0007
82,181,101,100,100,0.0007
87,85,101,101,101,0.0007
48,49,100,99,99,0.0007
90,202,100,98,99,0.0007
86,87,100,99,99,0.0007
21,91,100,100,100,0.0007
40,78,100,98,98,0.0007
195,88,99,99,99,0.0007
71,87,98,98,98,0.0007
214,90,98,98,98,0.0007
73,87,98,97,97,0.0007
72,82,98,97,98,0.0007
16,51,98,93,94,0.0007
19,18,98,83,84,0.0007
257,20,98,97,97,0.0007
53,90,98,98,98,0.0007
77,28,98,97,97,0.0007
76,14,98,98,98,0.0007
38,87,98,98,98,0.0007
201,182,98,98,98,0.0007
344,14,97,87,87,0.0007
235,57,97,95,96,0.0007
201,80,97,96,96,0.0007
368,27,97,96,96,0.0007
66,29,97,96,97,0.0007
368,354,97,96,96,0.0007
199,82,97,95,96,0.0007
186,91,97,95,96,0.0007
233,91,97,95,96,0.0007
365,86,96,95,95,0.0007
35,89,96,94,94,0.0007
53,88,96,94,94,0.0007
85,252,96,94,95,0.0007
39,91,96,95,95,0.0007
191,89,96,96,96,0.0007
363,24,96,96,96,0.0007
18,91,96,94,96,0.0007
247,354,96,95,95,0.0007
39,56,95,86,87,0.0006
26,226,95,95,95,0.0006
80,87,95,95,95,0.0006
79,27,95,94,94,0.0006
90,203,94,90,93,0.0006
186,87,94,91,92,0.0006
85,87,94,93,93,0.0006
76,226,94,94,94,0.0006
82,29,94,93,94,0.0006
369,90,93,93,93,0.0006
26,91,93,90,92,0.0006
63,182,93,93,93,0.0006
217,219,92,91,91,0.0006
194,15,92,92,92,0.0006
88,223,92,92,92,0.0006
194,360,92,91,91,0.0006
76,85,92,91,91,0.0006
345,88,91,90,90,0.0006
14,17,91,87,87,0.0006
182,76,91,90,91,0.0006
180,77,91,90,91,0.0006
82,251,91,90,91,0.0006
251,223,91,91,91,0.0006
182,29,91,90,91,0.0006
350,347,91,91,91,0.0006
89,252,90,90,90,0.0006
80,15,90,90,90,0.0006
80,14,90,88,88,0.0006
356,357,89,89,89,0.0006
89,86,89,88,89,0.0006
74,82,89,89,89,0.0006
200,82,89,85,86,0.0006
38,201,89,89,89,0.0006
53,87,89,88,89,0.0006
72,60,89,87,87,0.0006
366,89,89,89,89,0.0006
21,360,88,87,88,0.0006
350,89,88,88,88,0.0006
67,252,87,86,87,0.0006
183,83,87,87,87,0.0006
21,212,87,84,84,0.0006
234,44,87,86,86,0.0006
235,89,87,87,87,0.0006
357,24,87,86,87,0.0006
247,38,87,85,86,0.0006
45,79,87,84,87,0.0006
345,90,87,87,87,0.0006
50,235,87,87,87,0.0006
32,236,87,85,85,0.0006
194,79,87,83,84,0.0006
228,239,86,86,86,0.0006
44,63,86,85,86,0.0006
194,18,86,85,85,0.0006
14,57,86,85,86,0.0006
85,44,86,86,86,0.0006
255,18,85,85,85,0.0006
79,91,85,83,85,0.0006
89,85,85,85,85,0.0006
16,226,85,84,84,0.0006
87,247,85,84,84,0.0006
257,79,85,84,85,0.0006
90,66,85,84,85,0.0006
39,341,85,84,84,0.0006
76,360,85,85,85,0.0006
63,56,84,84,84,0.0006
72,57,84,83,83,0.0006
16,90,84,84,84,0.0006
87,365,84,83,83,0.0006
16,44,84,82,82,0.0006
360,366,84,81,81,0.0006
23,88,83,83,83,0.0006
261,87,83,83,83,0.0006
179,77,83,82,82,0.0006
347,88,83,82,82,0.0006
255,87,83,80,80,0.0006
91,0,83,83,83,0.0006
87,86,82,81,81,0.0006
180,80,82,82,82,0.0006
180,29,82,82,82,0.0006
235,44,82,81,81,0.0006
38,86,82,78,79,0.0006
186,182,82,81,82,0.0006
214,39,82,81,81,0.0006
25,84,82,81,82,0.0006
361,25,82,38,38,0.0006
78,15,82,81,81,0.0006
353,355,81,80,81,0.0006
71,76,81,81,81,0.0006
77,86,81,81,81,0.0006
361,91,81,81,81,0.0006
352,0,81,80,80,0.0006
89,247,81,81,81,0.0006
187,181,80,80,80,0.0005
57,181,80,79,79,0.0005
18,42,80,76,76,0.0005
70,212,80,79,79,0.0005
89,350,79,79,79,0.0005
25,360,79,78,78,0.0005
366,364,79,77,77,0.0005
179,80,79,79,79,0.0005
45,178,79,78,78,0.0005
18,347,79,74,74,0.0005
20,75,78,77,78,0.0005
15,347,78,78,78,0.0005
203,365,78,72,73,0.0005
361,29,78,77,77,0.0005
350,85,78,76,76,0.0005
91,88,78,77,77,0.0005
15,77,78,78,78,0.0005
257,90,78,77,77,0.0005
252,260,77,77,77,0.0005
71,80,77,77,77,0.0005
350,1,77,76,76,0.0005
73,182,77,77,77,0.0005
179,91,77,77,77,0.0005
203,28,76,74,75,0.0005
66,27,76,75,76,0.0005
35,87,76,75,76,0.0005
345,85,76,76,76,0.0005
27,250,76,75,76,0.0005
60,181,76,76,76,0.0005
24,360,75,73,73,0.0005
227,229,75,68,68,0.0005
89,29,75,75,75,0.0005
178,77,75,73,75,0.0005
178,82,75,75,75,0.0005
251,90,75,75,75,0.0005
255,90,75,75,75,0.0005
214,80,74,74,74,0.0005
38,91,74,74,74,0.0005
234,182,74,73,73,0.0005
42,27,74,70,70,0.0005
85,0,74,74,74,0.0005
200,77,74,74,74,0.0005
53,76,74,74,74,0.0005
178,91,73,73,73,0.0005
17,212,73,70,70,0.0005
29,203,73,63,66,0.0005
350,2,73,72,72,0.0005
43,83,73,72,72,0.0005
187,91,72,72,72,0.0005
76,27,72,72,72,0.0005
53,39,72,72,72,0.0005
178,42,72,69,69,0.0005
91,247,72,72,72,0.0005
14,83,72,72,72,0.0005
242,199,72,66,66,0.0005
257,15,72,71,71,0.0005
77,251,72,70,70,0.0005
14,78,72,71,72,0.0005
178,223,72,72,72,0.0005
352,2,71,71,71,0.0005
234,181,71,71,71,0.0005
189,235,71,69,69,0.0005
203,236,71,69,70,0.0005
23,178,71,70,70,0.0005
352,1,71,71,71,0.0005
82,235,71,70,71,0.0005
70,60,71,70,70,0.0005
197,89,70,69,69,0.0005
40,44,70,70,70,0.0005
18,57,70,69,69,0.0005
78,18,70,69,69,0.0005
57,182,70,69,70,0.0005
355,357,70,69,70,0.0005
60,89,69,69,69,0.0005
75,178,69,68,69,0.0005
195,18,69,69,69,0.0005
79,80,69,68,68,0.0005
41,76,69,69,69,0.0005
44,56,69,68,68,0.0005
236,223,69,69,69,0.0005
12,344,69,67,67,0.0005
187,235,68,67,67,0.0005
24,78,68,68,68,0.0005
70,83,68,68,68,0.0005
86,39,68,68,68,0.0005
86,236,68,67,67,0.0005
85,182,68,67,67,0.0005
57,360,68,66,66,0.0005
44,91,67,66,66,0.0005
261,89,67,67,67,0.0005
195,87,67,66,66,0.0005
15,360,67,67,67,0.0005
188,15,67,65,65,0.0005
244,91,67,67,67,0.0005
186,80,67,67,67,0.0005
73,83,67,67,67,0.0005
361,89,67,67,67,0.0005
236,80,67,67,67,0.0005
89,87,67,67,67,0.0005
56,235,67,66,66,0.0005
349,90,67,66,66,0.0005
14,25,67,38,38,0.0005
57,91,67,67,67,0.0005
226,360,67,65,65,0.0005
89,91,66,66,66,0.0005
180,89,66,66,66,0.0005
45,80,66,65,66,0.0005
233,56,66,64,64,0.0005
360,89,66,66,66,0.0005
41,64,66,66,66,0.0005
51,15,66,63,64,0.0005
53,226,66,66,66,0.0005
42,82,66,66,66,0.0005
18,82,65,65,65,0.0004
88,67,65,65,65,0.0004
25,63,65,50,50,0.0004
197,87,65,65,65,0.0004
196,80,65,65,65,0.0004
182,79,65,65,65,0.0004
39,83,65,65,65,0.0004
32,0,65,65,65,0.0004
82,20,64,64,64,0.0004
236,91,64,64,64,0.0004
16,80,64,62,63,0.0004
86,226,64,63,64,0.0004
71,235,64,64,64,0.0004
60,235,64,62,62,0.0004
368,88,64,63,64,0.0004
41,87,64,63,63,0.0004
88,4,64,62,62,0.0004
257,80,64,64,64,0.0004
79,212,63,63,63,0.0004
184,90,63,61,61,0.0004
55,20,63,61,61,0.0004
80,18,63,63,63,0.0004
360,91,63,63,63,0.0004
89,203,63,62,62,0.0004
343,18,63,62,62,0.0004
16,76,62,62,62,0.0004
25,354,62,62,62,0.0004
64,89,62,60,60,0.0004
363,79,62,62,62,0.0004
221,63,62,61,62,0.0004
55,15,62,61,61,0.0004
256,14,62,60,62,0.0004
350,91,62,61,62,0.0004
17,64,62,61,61,0.0004
195,15,62,62,62,0.0004
199,200,61,59,59,0.0004
238,56,61,60,61,0.0004
84,42,61,61,61,0.0004
196,87,61,61,61,0.0004
201,360,61,61,61,0.0004
181,82,61,61,61,0.0004
45,90,60,59,59,0.0004
191,91,60,60,60,0.0004
76,87,60,59,59,0.0004
357,360,60,59,59,0.0004
43,251,60,60,60,0.0004
24,84,60,60,60,0.0004
187,80,60,60,60,0.0004
69,226,60,60,60,0.0004
86,91,60,60,60,0.0004
199,78,60,60,60,0.0004
196,76,60,59,59,0.0004
50,83,60,60,60,0.0004
65,226,60,60,60,0.0004
184,185,59,58,58,0.0004
91,203,59,58,58,0.0004
357,80,59,59,59,0.0004
60,77,59,58,58,0.0004
364,366,59,58,58,0.0004
194,87,59,59,59,0.0004
200,83,59,57,57,0.0004
238,76,59,59,59,0.0004
39,89,59,58,58,0.0004
80,78,59,59,59,0.0004
180,251,59,59,59,0.0004
236,76,59,59,59,0.0004
238,18,59,58,58,0.0004
41,63,58,57,57,0.0004
213,88,58,57,57,0.0004
349,88,58,58,58,0.0004
178,18,58,54,54,0.0004
66,87,58,58,58,0.0004
19,88,58,58,58,0.0004
214,20,58,57,58,0.0004
74,83,58,58,58,0.0004
73,91,58,58,58,0.0004
29,20,58,42,42,0.0004
60,29,58,57,57,0.0004
90,68,57,55,55,0.0004
182,77,57,57,57,0.0004
360,362,57,56,56,0.0004
357,79,57,57,57,0.0004
27,1,57,57,57,0.0004
71,44,57,57,57,0.0004
45,87,56,56,56,0.0004
87,203,56,56,56,0.0004
75,24,56,56,56,0.0004
181,88,56,53,53,0.0004
87,252,56,56,56,0.0004
60,24,56,56,56,0.0004
259,88,56,56,56,0.0004
64,181,56,56,56,0.0004
15,89,56,56,56,0.0004
32,69,55,54,55,0.0004
254,88,55,54,54,0.0004
194,20,55,55,55,0.0004
91,90,55,55,55,0.0004
69,79,55,55,55,0.0004
183,200,55,51,51,0.0004
45,76,55,55,55,0.0004
183,201,55,54,54,0.0004
73,212,55,55,55,0.0004
80,44,55,55,55,0.0004
195,89,54,54,54,0.0004
53,237,54,54,54,0.0004
178,83,54,54,54,0.0004
234,91,54,54,54,0.0004
41,79,54,54,54,0.0004
191,199,54,51,51,0.0004
85,80,54,54,54,0.0004
230,42,54,51,51,0.0004
255,182,54,54,54,0.0004
23,16,54,54,54,0.0004
245,56,54,51,51,0.0004
72,212,54,54,54,0.0004
179,83,54,53,53,0.0004
368,85,54,54,54,0.0004
71,181,54,53,53,0.0004
76,235,54,54,54,0.0004
57,56,53,52,52,0.0004
349,15,53,53,53,0.0004
363,90,53,53,53,0.0004
75,14,53,52,52,0.0004
42,25,53,32,32,0.0004
255,77,53,52,52,0.0004
367,368,52,52,52,0.0004
188,79,52,51,51,0.0004
255,235,52,48,48,0.0004
89,365,52,51,51,0.0004
51,20,52,52,52,0.0004
28,250,52,52,52,0.0004
257,89,52,52,52,0.0004
60,91,52,52,52,0.0004
91,354,52,51,51,0.0004
43,64,52,52,52,0.0004
222,18,52,51,51,0.0004
51,18,52,52,52,0.0004
91,202,51,49,49,0.0003
194,76,51,50,50,0.0003
235,56,51,51,51,0.0003
39,82,51,51,51,0.0003
235,82,51,51,51,0.0003
25,223,51,51,51,0.0003
42,53,51,51,51,0.0003
85,350,51,51,51,0.0003
56,360,51,51,51,0.0003
235,212,51,48,49,0.0003
256,90,51,50,50,0.0003
256,88,50,50,50,0.0003
67,84,50,50,50,0.0003
27,2,50,50,50,0.0003
245,182,50,49,49,0.0003
200,56,50,50,50,0.0003
72,83,50,49,49,0.0003
257,226,50,50,50,0.0003
21,25,50,34,34,0.0003
242,183,49,46,46,0.0003
246,39,49,49,49,0.0003
195,76,49,49,49,0.0003
91,89,49,49,49,0.0003
363,360,49,49,49,0.0003
182,89,49,48,48,0.0003
64,80,49,48,49,0.0003
53,77,49,49,49,0.0003
91,29,49,49,49,0.0003
41,226,49,49,49,0.0003
35,85,49,49,49,0.0003
28,91,49,49,49,0.0003
73,77,48,47,48,0.0003
71,77,48,48,48,0.0003
360,369,48,48,48,0.0003
40,91,48,48,48,0.0003
254,91,48,48,48,0.0003
201,199,48,43,43,0.0003
65,76,48,48,48,0.0003
361,27,48,46,46,0.0003
16,89,47,47,47,0.0003
233,89,47,47,47,0.0003
74,60,47,46,46,0.0003
20,15,47,47,47,0.0003
83,88,47,47,47,0.0003
77,89,47,47,47,0.0003
85,86,47,47,47,0.0003
74,64,47,47,47,0.0003
245,55,47,44,44,0.0003
200,182,47,46,47,0.0003
363,77,47,47,47,0.0003
199,201,47,46,46,0.0003
257,87,47,46,47,0.0003
220,24,47,46,46,0.0003
178,85,46,46,46,0.0003
89,0,46,46,46,0.0003
20,85,46,46,46,0.0003
79,64,46,45,45,0.0003
45,226,46,46,46,0.0003
86,178,46,45,45,0.0003
255,76,46,45,45,0.0003
68,67,46,46,46,0.0003
76,212,46,46,46,0.0003
197,360,46,45,46,0.0003
213,222,46,46,46,0.0003
85,360,46,45,46,0.0003
73,63,46,46,46,0.0003
255,181,45,45,45,0.0003
179,25,45,24,24,0.0003
64,77,45,45,45,0.0003
66,28,45,45,45,0.0003
45,44,45,42,42,0.0003
23,87,45,45,45,0.0003
180,360,45,45,45,0.0003
180,91,45,45,45,0.0003
53,89,45,45,45,0.0003
21,347,44,44,44,0.0003
366,367,44,43,43,0.0003
82,27,44,44,44,0.0003
51,178,44,42,42,0.0003
357,182,44,44,44,0.0003
24,82,44,44,44,0.0003
29,1,44,44,44,0.0003
66,91,44,44,44,0.0003
238,29,44,44,44,0.0003
219,29,43,42,42,0.0003
188,181,43,42,43,0.0003
21,63,43,42,42,0.0003
212,60,43,42,42,0.0003
242,200,43,42,42,0.0003
365,89,43,43,43,0.0003
16,77,43,43,43,0.0003
368,90,43,43,43,0.0003
42,365,43,42,42,0.0003
240,91,43,42,43,0.0003
79,56,43,43,43,0.0003
189,18,42,42,42,0.0003
217,222,42,36,36,0.0003
258,178,42,42,42,0.0003
23,20,42,42,42,0.0003
357,235,42,41,41,0.0003
188,24,42,42,42,0.0003
345,86,42,42,42,0.0003
195,79,42,40,40,0.0003
23,77,42,42,42,0.0003
345,87,42,40,41,0.0003
85,43,41,41,41,0.0003
247,27,41,41,41,0.0003
196,91,41,40,41,0.0003
343,20,41,40,40,0.0003
257,76,41,41,41,0.0003
79,86,41,41,41,0.0003
236,252,41,41,41,0.0003
221,56,41,40,40,0.0003
70,64,41,41,41,0.0003
200,199,40,37,37,0.0003
246,29,40,40,40,0.0003
73,57,40,40,40,0.0003
227,230,40,37,37,0.0003
20,360,40,40,40,0.0003
214,77,40,40,40,0.0003
261,90,40,39,39,0.0003
69,76,40,40,40,0.0003
259,18,40,39,39,0.0003
343,15,40,40,40,0.0003
193,27,40,40,40,0.0003
16,347,40,40,40,0.0003
196,24,40,39,40,0.0003
254,87,40,40,40,0.0003
239,91,39,39,39,0.0003
244,235,39,36,36,0.0003
60,82,39,39,39,0.0003
254,15,39,39,39,0.0003
23,15,39,39,39,0.0003
223,239,39,38,38,0.0003
79,77,39,39,39,0.0003
80,28,39,38,38,0.0003
196,82,39,38,38,0.0003
343,88,39,39,39,0.0003
72,64,39,39,39,0.0003
180,182,39,39,39,0.0003
238,88,39,39,39,0.0003
201,82,38,36,36,0.0003
344,85,38,38,38,0.0003
219,39,38,38,38,0.0003
189,88,38,38,38,0.0003
199,64,38,38,38,0.0003
199,83,38,38,38,0.0003
71,56,38,37,37,0.0003
244,350,38,36,36,0.0003
183,80,38,37,37,0.0003
187,77,38,38,38,0.0003
82,182,38,38,38,0.0003
194,91,38,38,38,0.0003
223,229,38,38,38,0.0003
41,90,38,38,38,0.0003
229,252,37,37,37,0.0003
67,226,37,37,37,0.0003
257,29,37,36,37,0.0003
87,202,37,37,37,0.0003
18,78,37,36,36,0.0003
19,39,37,37,37,0.0003
43,78,37,37,37,0.0003
80,77,37,37,37,0.0003
44,212,37,37,37,0.0003
15,91,37,37,37,0.0003
84,252,37,36,36,0.0003
252,259,37,37,37,0.0003
349,20,37,37,37,0.0003
226,242,37,37,37,0.0003
91,350,37,36,37,0.0003
84,15,36,36,36,0.0002
71,57,36,36,36,0.0002
29,2,36,34,34,0.0002
246,44,36,35,35,0.0002
188,235,36,36,36,0.0002
233,57,36,35,35,0.0002
213,218,36,36,36,0.0002
214,91,36,36,36,0.0002
197,251,36,35,35,0.0002
63,44,36,36,36,0.0002
187,24,36,36,36,0.0002
349,39,35,35,35,0.0002
255,360,35,35,35,0.0002
366,91,35,34,34,0.0002
71,89,35,34,34,0.0002
77,87,35,34,34,0.0002
214,89,35,35,35,0.0002
15,82,35,35,35,0.0002
15,41,35,33,33,0.0002
85,181,35,35,35,0.0002
361,78,35,35,35,0.0002
39,361,35,28,28,0.0002
82,360,35,35,35,0.0002
228,242,34,29,29,0.0002
225,240,34,34,34,0.0002
85,66,34,34,34,0.0002
215,217,34,33,33,0.0002
44,29,34,34,34,0.0002
197,80,34,33,33,0.0002
229,14,34,32,32,0.0002
42,78,34,33,33,0.0002
189,24,34,31,31,0.0002
343,39,34,34,34,0.0002
178,16,33,31,31,0.0002
23,79,33,33,33,0.0002
56,63,33,32,33,0.0002
71,91,33,33,33,0.0002
44,78,33,33,33,0.0002
188,56,33,33,33,0.0002
200,245,33,33,33,0.0002
83,252,33,33,33,0.0002
64,82,32,32,32,0.0002
42,83,32,32,32,0.0002
182,80,32,31,31,0.0002
358,223,32,31,31,0.0002
244,360,32,31,31,0.0002
366,236,32,30,30,0.0002
80,252,32,32,32,0.0002
180,181,32,31,32,0.0002
236,77,32,32,32,0.0002
14,53,32,32,32,0.0002
80,181,32,32,32,0.0002
182,91,32,32,32,0.0002
192,193,32,32,32,0.0002
65,84,32,32,32,0.0002
80,235,32,32,32,0.0002
255,80,32,32,32,0.0002
235,365,32,32,32,0.0002
69,84,32,32,32,0.0002
179,85,32,32,32,0.0002
201,83,32,32,32,0.0002
257,77,32,32,32,0.0002
49,178,32,31,31,0.0002
51,88,32,32,32,0.0002
347,226,31,31,31,0.0002
363,182,31,31,31,0.0002
55,39,31,31,31,0.0002
51,226,31,31,31,0.0002
203,67,31,29,29,0.0002
180,60,31,30,31,0.0002
363,80,31,31,31,0.0002
235,83,31,31,31,0.0002
234,89,31,31,31,0.0002
247,28,31,30,31,0.0002
41,77,31,31,31,0.0002
44,82,31,31,31,0.0002
356,1,31,31,31,0.0002
44,83,30,30,30,0.0002
369,85,30,30,30,0.0002
180,82,30,30,30,0.0002
356,2,30,30,30,0.0002
343,226,30,30,30,0.0002
90,193,30,30,30,0.0002
252,256,30,30,30,0.0002
53,79,30,30,30,0.0002
76,80,30,30,30,0.0002
357,76,30,30,30,0.0002
57,78,30,28,28,0.0002
72,78,30,30,30,0.0002
368,365,30,29,29,0.0002
71,182,30,30,30,0.0002
186,64,30,30,30,0.0002
251,87,30,30,30,0.0002
365,361,30,29,29,0.0002
18,244,30,27,27,0.0002
51,90,29,29,29,0.0002
20,44,29,29,29,0.0002
253,203,29,25,25,0.0002
197,82,29,28,28,0.0002
27,0,29,29,29,0.0002
253,90,29,29,29,0.0002
24,354,29,29,29,0.0002
63,78,29,29,29,0.0002
189,15,29,29,29,0.0002
259,90,29,29,29,0.0002
368,86,29,29,29,0.0002
17,88,29,29,29,0.0002
222,15,29,27,27,0.0002
214,15,29,29,29,0.0002
257,82,29,29,29,0.0002
69,223,29,29,29,0.0002
264,15,29,26,26,0.0002
65,223,29,29,29,0.0002
361,82,29,29,29,0.0002
178,20,29,24,24,0.0002
180,44,29,29,29,0.0002
365,367,29,29,29,0.0002
219,245,29,28,28,0.0002
82,44,29,29,29,0.0002
199,57,29,29,29,0.0002
19,79,28,28,28,0.0002
55,88,28,28,28,0.0002
245,64,28,28,28,0.0002
368,87,28,28,28,0.0002
45,56,28,28,28,0.0002
56,78,28,28,28,0.0002
369,88,28,28,28,0.0002
223,227,28,25,25,0.0002
200,223,28,28,28,0.0002
197,63,28,28,28,0.0002
201,212,28,28,28,0.0002
75,15,28,28,28,0.0002
88,80,28,26,26,0.0002
84,27,28,28,28,0.0002
251,86,28,28,28,0.0002
64,91,28,28,28,0.0002
69,77,28,28,28,0.0002
63,64,28,27,27,0.0002
18,83,28,27,28,0.0002
181,85,27,27,27,0.0002
347,87,27,27,27,0.0002
200,60,27,27,27,0.0002
20,249,27,27,27,0.0002
344,88,27,27,27,0.0002
363,181,27,26,26,0.0002
187,251,27,27,27,0.0002
25,76,27,27,27,0.0002
21,82,27,27,27,0.0002
188,89,27,27,27,0.0002
67,79,27,27,27,0.0002
178,86,27,27,27,0.0002
43,85,27,27,27,0.0002
19,76,27,27,27,0.0002
85,67,27,27,27,0.0002
87,67,27,27,27,0.0002
254,181,26,26,26,0.0002
40,365,26,26,26,0.0002
42,236,26,25,25,0.0002
91,4,26,26,26,0.0002
196,83,26,26,26,0.0002
361,212,26,26,26,0.0002
51,87,26,26,26,0.0002
67,76,26,26,26,0.0002
79,28,26,26,26,0.0002
88,344,26,26,26,0.0002
63,245,26,26,26,0.0002
349,24,26,25,26,0.0002
202,28,26,26,26,0.0002
60,360,26,26,26,0.0002
199,56,26,26,26,0.0002
39,85,26,26,26,0.0002
39,235,26,26,26,0.0002
86,18,26,26,26,0.0002
366,223,26,25,25,0.0002
235,251,26,26,26,0.0002
87,91,26,26,26,0.0002
197,91,26,26,26,0.0002
23,90,26,26,26,0.0002
43,55,26,26,26,0.0002
242,201,26,26,26,0.0002
29,245,26,25,25,0.0002
85,65,26,25,25,0.0002
89,223,26,26,26,0.0002
53,82,26,26,26,0.0002
90,0,26,26,26,0.0002
45,57,25,24,25,0.0002
366,354,25,24,24,0.0002
234,29,25,24,24,0.0002
193,195,25,25,25,0.0002
182,82,25,25,25,0.0002
366,0,25,25,25,0.0002
245,360,25,25,25,0.0002
65,79,25,25,25,0.0002
42,347,25,25,25,0.0002
189,20,25,24,24,0.0002
63,60,25,25,25,0.0002
238,79,25,25,25,0.0002
64,235,25,25,25,0.0002
83,86,25,25,25,0.0002
71,212,25,25,25,0.0002
251,27,25,25,25,0.0002
86,15,25,25,25,0.0002
203,27,25,25,25,0.0002
75,18,25,25,25,0.0002
364,88,24,24,24,0.0002
44,182,24,24,24,0.0002
45,77,24,24,24,0.0002
84,85,24,24,24,0.0002
41,181,24,24,24,0.0002
235,245,24,24,24,0.0002
259,24,24,24,24,0.0002
345,2,24,24,24,0.0002
194,80,24,24,24,0.0002
80,90,24,24,24,0.0002
39,53,24,23,23,0.0002
49,39,24,24,24,0.0002
79,60,24,24,24,0.0002
186,77,24,24,24,0.0002
88,181,24,24,24,0.0002
185,29,24,24,24,0.0002
20,251,24,21,21,0.0002
258,39,24,23,23,0.0002
178,214,24,24,24,0.0002
77,365,24,24,24,0.0002
345,89,24,24,24,0.0002
15,40,24,24,24,0.0002
91,365,24,24,24,0.0002
41,245,24,24,24,0.0002
45,63,24,23,23,0.0002
202,350,24,24,24,0.0002
186,83,24,24,24,0.0002
212,64,23,23,23,0.0002
254,39,23,23,23,0.0002
364,29,23,23,23,0.0002
365,226,23,22,22,0.0002
85,69,23,23,23,0.0002
185,184,23,23,23,0.0002
178,15,23,22,22,0.0002
76,57,23,23,23,0.0002
191,200,23,23,23,0.0002
238,20,23,23,23,0.0002
349,235,23,23,23,0.0002
180,212,23,22,22,0.0002
234,56,23,23,23,0.0002
192,90,23,23,23,0.0002
82,212,23,23,23,0.0002
44,245,23,23,23,0.0002
45,237,23,23,23,0.0002
60,182,23,23,23,0.0002
253,28,23,20,20,0.0002
197,83,23,23,23,0.0002
80,75,23,23,23,0.0002
45,29,23,23,23,0.0002
24,75,22,22,22,0.0002
74,63,22,22,22,0.0002
213,212,22,21,21,0.0002
76,56,22,22,22,0.0002
363,235,22,22,22,0.0002
68,223,22,22,22,0.0002
199,75,22,22,22,0.0002
82,80,22,22,22,0.0002
341,88,22,22,22,0.0002
256,91,22,22,22,0.0002
40,83,22,22,22,0.0002
12,69,22,20,20,0.0002
202,27,22,22,22,0.0002
45,89,22,22,22,0.0002
87,181,22,19,19,0.0002
32,365,22,22,22,0.0002
245,53,22,21,22,0.0002
219,24,22,22,22,0.0002
89,202,22,22,22,0.0002
264,39,22,21,21,0.0002
188,87,22,21,21,0.0002
27,223,22,22,22,0.0002
196,56,22,22,22,0.0002
344,89,22,22,22,0.0002
178,40,22,22,22,0.0002
69,80,22,22,22,0.0002
85,235,22,22,22,0.0002
76,64,22,22,22,0.0002
91,85,22,22,22,0.0002
16,82,21,21,21,0.0001
82,56,21,21,21,0.0001
178,64,21,20,20,0.0001
238,87,21,21,21,0.0001
70,78,21,21,21,0.0001
18,234,21,20,20,0.0001
354,1,21,21,21,0.0001
223,226,21,21,21,0.0001
80,226,21,21,21,0.0001
55,24,21,21,21,0.0001
186,60,21,20,20,0.0001
347,350,21,21,21,0.0001
345,76,21,21,21,0.0001
55,76,21,21,21,0.0001
251,89,21,21,21,0.0001
32,65,21,21,21,0.0001
201,44,21,21,21,0.0001
84,178,21,21,21,0.0001
354,2,21,21,21,0.0001
82,85,21,21,21,0.0001
204,29,21,21,21,0.0001
16,91,21,21,21,0.0001
214,181,21,21,21,0.0001
182,251,21,21,21,0.0001
15,57,21,21,21,0.0001
77,360,21,21,21,0.0001
87,20,20,20,20,0.0001
245,88,20,20,20,0.0001
245,212,20,20,20,0.0001
44,64,20,20,20,0.0001
221,29,20,20,20,0.0001
80,20,20,20,20,0.0001
344,0,20,20,20,0.0001
86,223,20,20,20,0.0001
194,82,20,20,20,0.0001
65,354,20,20,20,0.0001
252,27,20,20,20,0.0001
40,16,20,20,20,0.0001
19,87,20,20,20,0.0001
19,90,20,20,20,0.0001
19,80,20,20,20,0.0001
80,365,20,20,20,0.0001
215,219,20,20,20,0.0001
264,18,20,18,19,0.0001
53,24,20,20,20,0.0001
194,182,20,20,20,0.0001
234,57,20,20,20,0.0001
78,44,20,20,20,0.0001
361,369,20,20,20,0.0001
364,226,20,20,20,0.0001
69,27,20,20,20,0.0001
41,57,20,20,20,0.0001
60,245,19,19,19,0.0001
182,25,19,13,13,0.0001
212,75,19,19,19,0.0001
218,18,19,19,19,0.0001
86,20,19,19,19,0.0001
29,39,19,19,19,0.0001
67,80,19,19,19,0.0001
248,0,19,19,19,0.0001
214,24,19,19,19,0.0001
245,341,19,19,19,0.0001
178,60,19,19,19,0.0001
259,226,19,19,19,0.0001
353,88,19,19,19,0.0001
346,88,19,19,19,0.0001
51,76,19,19,19,0.0001
55,79,19,18,18,0.0001
42,28,19,19,19,0.0001
189,76,19,18,18,0.0001
196,77,19,19,19,0.0001
233,212,19,19,19,0.0001
90,181,19,18,18,0.0001
195,39,19,19,19,0.0001
183,77,19,19,19,0.0001
53,80,19,19,19,0.0001
247,183,19,19,19,0.0001
365,91,19,19,19,0.0001
20,86,19,19,19,0.0001
346,27,19,19,19,0.0001
27,84,19,19,19,0.0001
77,39,19,19,19,0.0001
76,28,19,19,19,0.0001
14,234,19,19,19,0.0001
229,39,19,18,18,0.0001
366,363,19,19,19,0.0001
21,78,19,19,19,0.0001
80,91,19,19,19,0.0001
91,67,19,19,19,0.0001
64,83,19,19,19,0.0001
345,1,19,19,19,0.0001
195,91,19,19,19,0.0001
368,0,19,18,18,0.0001
224,230,19,19,19,0.0001
364,90,19,19,19,0.0001
253,85,19,19,19,0.0001
258,20,18,18,18,0.0001
245,60,18,18,18,0.0001
78,20,18,17,18,0.0001
182,214,18,18,18,0.0001
20,235,18,18,18,0.0001
234,251,18,18,18,0.0001
343,90,18,18,18,0.0001
20,81,18,18,18,0.0001
42,75,18,18,18,0.0001
43,53,18,17,17,0.0001
49,14,18,18,18,0.0001
17,87,18,18,18,0.0001
25,79,18,18,18,0.0001
77,80,18,18,18,0.0001
28,1,18,18,18,0.0001
361,83,18,18,18,0.0001
32,90,18,18,18,0.0001
79,365,18,18,18,0.0001
257,83,18,18,18,0.0001
77,252,18,18,18,0.0001
360,78,18,18,18,0.0001
197,77,18,18,18,0.0001
184,88,18,18,18,0.0001
368,28,18,18,18,0.0001
189,89,18,18,18,0.0001
68,65,18,18,18,0.0001
369,86,18,18,18,0.0001
344,86,18,18,18,0.0001
16,42,18,18,18,0.0001
238,44,18,18,18,0.0001
254,226,18,18,18,0.0001
64,237,18,18,18,0.0001
82,91,18,18,18,0.0001
201,64,18,18,18,0.0001
43,75,18,18,18,0.0001
186,44,18,18,18,0.0001
349,87,18,18,18,0.0001
53,91,17,17,17,0.0001
189,181,17,17,17,0.0001
89,67,17,17,17,0.0001
40,361,17,17,17,0.0001
257,181,17,17,17,0.0001
66,223,17,17,17,0.0001
42,55,17,17,17,0.0001
197,56,17,17,17,0.0001
77,20,17,17,17,0.0001
77,178,17,17,17,0.0001
347,90,17,17,17,0.0001
25,366,17,16,16,0.0001
56,245,17,16,16,0.0001
84,39,17,17,17,0.0001
14,237,17,16,16,0.0001
86,80,17,17,17,0.0001
39,223,17,17,17,0.0001
257,91,17,17,17,0.0001
26,25,17,13,13,0.0001
222,20,17,17,17,0.0001
212,245,17,17,17,0.0001
201,63,17,17,17,0.0001
78,29,17,17,17,0.0001
201,60,17,17,17,0.0001
60,83,17,17,17,0.0001
181,80,17,17,17,0.0001
212,57,17,17,17,0.0001
65,77,17,17,17,0.0001
68,354,17,17,17,0.0001
55,87,17,17,17,0.0001
183,185,17,17,17,0.0001
255,57,17,16,16,0.0001
29,226,17,17,17,0.0001
88,68,17,17,17,0.0001
245,90,17,16,17,0.0001
194,24,16,16,16,0.0001
199,60,16,16,16,0.0001
245,181,16,16,16,0.0001
88,204,16,16,16,0.0001
233,82,16,16,16,0.0001
343,87,16,16,16,0.0001
24,83,16,16,16,0.0001
353,354,16,16,16,0.0001
81,14,16,16,16,0.0001
84,18,16,16,16,0.0001
255,79,16,16,16,0.0001
18,233,16,16,16,0.0001
347,349,16,16,16,0.0001
189,182,16,16,16,0.0001
343,76,16,16,16,0.0001
188,76,16,16,16,0.0001
178,245,16,15,15,0.0001
214,182,16,16,16,0.0001
32,88,16,16,16,0.0001
233,29,16,16,16,0.0001
82,28,16,16,16,0.0001
346,90,16,16,16,0.0001
42,353,16,16,16,0.0001
214,235,16,16,16,0.0001
253,365,16,15,15,0.0001
73,64,16,16,16,0.0001
15,233,16,16,16,0.0001
67,365,16,16,16,0.0001
259,360,16,16,16,0.0001
264,29,16,15,15,0.0001
18,235,16,16,16,0.0001
14,233,16,16,16,0.0001
82,64,16,16,16,0.0001
366,226,16,16,16,0.0001
80,85,16,16,16,0.0001
70,63,16,16,16,0.0001
83,87,16,16,16,0.0001
77,79,16,16,16,0.0001
51,39,16,16,16,0.0001
258,15,16,16,16,0.0001
188,29,15,15,15,0.0001
245,63,15,15,15,0.0001
263,226,15,15,15,0.0001
186,56,15,15,15,0.0001
77,76,15,15,15,0.0001
68,84,15,14,15,0.0001
17,245,15,15,15,0.0001
249,14,15,15,15,0.0001
264,20,15,15,15,0.0001
27,347,15,15,15,0.0001
245,14,15,15,15,0.0001
212,29,15,15,15,0.0001
90,248,15,15,15,0.0001
60,56,15,14,14,0.0001
28,2,15,15,15,0.0001
244,76,15,15,15,0.0001
348,88,15,15,15,0.0001
55,89,15,15,15,0.0001
360,29,15,15,15,0.0001
14,353,15,15,15,0.0001
74,78,15,15,15,0.0001
13,27,15,15,15,0.0001
65,80,15,15,15,0.0001
368,350,15,15,15,0.0001
180,83,15,15,15,0.0001
86,43,14,14,14,0.0001
53,83,14,14,14,0.0001
199,212,14,14,14,0.0001
215,220,14,14,14,0.0001
195,82,14,14,14,0.0001
38,42,14,14,14,0.0001
181,83,14,14,14,0.0001
357,77,14,14,14,0.0001
187,83,14,14,14,0.0001
238,226,14,14,14,0.0001
201,78,14,14,14,0.0001
24,361,14,12,12,0.0001
63,57,14,14,14,0.0001
264,178,14,14,14,0.0001
347,76,14,14,14,0.0001
351,252,14,14,14,0.0001
349,79,14,14,14,0.0001
91,252,14,14,14,0.0001
183,84,14,14,14,0.0001
185,90,14,14,14,0.0001
39,15,14,14,14,0.0001
83,24,14,14,14,0.0001
263,79,14,14,14,0.0001
234,82,14,14,14,0.0001
51,79,14,14,14,0.0001
91,28,14,13,13,0.0001
80,182,14,14,14,0.0001
71,60,14,14,14,0.0001
40,25,14,12,12,0.0001
44,53,14,14,14,0.0001
349,80,14,14,14,0.0001
234,78,14,14,14,0.0001
194,64,14,14,14,0.0001
64,182,14,14,14,0.0001
188,80,14,14,14,0.0001
88,6,14,14,14,0.0001
16,83,14,14,14,0.0001
73,60,14,14,14,0.0001
20,17,13,13,13,0.0001
84,14,13,13,13,0.0001
196,182,13,13,13,0.0001
251,29,13,13,13,0.0001
19,29,13,13,13,0.0001
255,44,13,13,13,0.0001
18,353,13,13,13,0.0001
357,82,13,13,13,0.0001
179,86,13,13,13,0.0001
50,78,13,13,13,0.0001
366,67,13,13,13,0.0001
218,44,13,13,13,0.0001
16,57,13,13,13,0.0001
13,65,13,12,12,0.0001
91,87,13,13,13,0.0001
188,91,13,13,13,0.0001
197,60,13,13,13,0.0001
20,245,13,13,13,0.0001
178,78,13,13,13,0.0001
254,20,13,13,13,0.0001
256,89,13,13,13,0.0001
40,234,13,13,13,0.0001
346,86,13,13,13,0.0001
75,360,13,13,13,0.0001
23,226,13,13,13,0.0001
197,64,13,13,13,0.0001
255,226,13,13,13,0.0001
20,223,13,13,13,0.0001
17,44,13,13,13,0.0001
89,4,13,13,13,0.0001
29,13,13,13,13,0.0001
252,29,13,12,12,0.0001
368,223,12,12,12,0.0001
87,223,12,12,12,0.0001
358,226,12,12,12,0.0001
69,2,12,12,12,0.0001
363,91,12,12,12,0.0001
180,56,12,11,11,0.0001
17,51,12,12,12,0.0001
200,251,12,12,12,0.0001
53,44,12,12,12,0.0001
369,0,12,12,12,0.0001
44,75,12,12,12,0.0001
235,78,12,12,12,0.0001
88,65,12,12,12,0.0001
26,84,12,12,12,0.0001
257,235,12,12,12,0.0001
14,75,12,12,12,0.0001
343,24,12,12,12,0.0001
247,203,12,12,12,0.0001
68,82,12,12,12,0.0001
192,88,12,12,12,0.0001
219,55,12,12,12,0.0001
252,258,12,12,12,0.0001
17,90,12,12,12,0.0001
357,56,12,12,12,0.0001
89,344,12,12,12,0.0001
238,16,12,12,12,0.0001
244,178,12,11,11,0.0001
346,252,12,12,12,0.0001
56,29,12,12,12,0.0001
364,76,12,12,12,0.0001
19,77,12,12,12,0.0001
191,80,12,12,12,0.0001
29,76,12,12,12,0.0001
26,354,12,12,12,0.0001
72,63,12,12,12,0.0001
257,24,12,12,12,0.0001
202,42,12,12,12,0.0001
235,64,12,12,12,0.0001
359,90,12,12,12,0.0001
41,53,12,12,12,0.0001
367,362,12,12,12,0.0001
364,87,12,12,12,0.0001
88,193,12,12,12,0.0001
16,360,12,12,12,0.0001
17,79,12,12,12,0.0001
64,44,12,12,12,0.0001
78,360,12,12,12,0.0001
235,63,12,12,12,0.0001
363,89,12,12,12,0.0001
86,79,12,12,12,0.0001
41,80,12,12,12,0.0001
238,181,12,12,12,0.0001
55,226,12,12,12,0.0001
77,14,12,12,12,0.0001
69,354,11,11,11,0.0001
27,360,11,10,10,0.0001
351,43,11,11,11,0.0001
244,29,11,11,11,0.0001
255,60,11,11,11,0.0001
187,360,11,11,11,0.0001
346,85,11,11,11,0.0001
368,89,11,11,11,0.0001
87,193,11,11,11,0.0001
67,77,11,11,11,0.0001
196,64,11,11,11,0.0001
84,236,11,11,11,0.0001
13,365,11,10,10,0.0001
189,79,11,11,11,0.0001
369,361,11,11,11,0.0001
70,53,11,10,11,0.0001
76,86,11,11,11,0.0001
200,64,11,11,11,0.0001
364,79,11,11,11,0.0001
51,56,11,11,11,0.0001
15,83,11,11,11,0.0001
228,225,11,11,11,0.0001
41,91,11,11,11,0.0001
79,63,11,11,11,0.0001
43,86,11,11,11,0.0001
23,91,11,11,11,0.0001
197,57,11,11,11,0.0001
44,181,11,11,11,0.0001
181,87,11,11,11,0.0001
238,182,11,11,11,0.0001
45,91,11,11,11,0.0001
60,44,11,11,11,0.0001
245,89,11,11,11,0.0001
27,77,11,11,11,0.0001
63,212,11,11,11,0.0001
77,181,11,11,11,0.0001
191,201,11,11,11,0.0001
29,80,11,11,11,0.0001
90,360,11,11,11,0.0001
360,83,11,11,11,0.0001
180,64,11,11,11,0.0001
18,341,11,11,11,0.0001
189,87,11,11,11,0.0001
24,223,11,11,11,0.0001
78,79,11,11,11,0.0001
77,15,11,11,11,0.0001
197,44,11,11,11,0.0001
183,82,11,11,11,0.0001
20,53,11,11,11,0.0001
25,77,11,11,11,0.0001
26,14,11,11,11,0.0001
48,90,11,11,11,0.0001
63,264,11,10,10,0.0001
72,75,11,11,11,0.0001
51,77,10,10,10,0.0001
259,89,10,10,10,0.0001
27,79,10,10,10,0.0001
362,361,10,6,6,0.0001
200,365,10,10,10,0.0001
201,223,10,10,10,0.0001
362,88,10,10,10,0.0001
72,53,10,10,10,0.0001
14,347,10,10,10,0.0001
179,223,10,10,10,0.0001
45,245,10,10,10,0.0001
91,223,10,10,10,0.0001
88,360,10,10,10,0.0001
360,82,10,10,10,0.0001
18,40,10,10,10,0.0001
21,75,10,10,10,0.0001
214,56,10,10,10,0.0001
259,87,10,10,10,0.0001
234,83,10,10,10,0.0001
54,14,10,9,10,0.0001
233,78,10,10,10,0.0001
83,14,10,10,10,0.0001
75,20,10,10,10,0.0001
234,75,10,10,10,0.0001
21,83,10,10,10,0.0001
256,15,10,10,10,0.0001
17,80,10,10,10,0.0001
263,223,10,10,10,0.0001
214,82,10,10,10,0.0001
53,181,10,10,10,0.0001
365,223,10,10,10,0.0001
362,76,10,10,10,0.0001
70,55,10,10,10,0.0001
347,79,10,10,10,0.0001
357,64,10,10,10,0.0001
64,29,10,10,10,0.0001
352,223,10,10,10,0.0001
182,85,10,10,10,0.0001
79,252,10,10,10,0.0001
81,24,10,10,10,0.0001
51,237,10,10,10,0.0001
76,63,10,10,10,0.0001
88,352,10,10,10,0.0001
223,242,10,10,10,0.0001
224,229,10,10,10,0.0001
345,77,10,10,10,0.0001
16,54,10,10,10,0.0001
64,360,10,10,10,0.0001
42,234,10,10,10,0.0001
256,226,10,10,10,0.0001
18,54,10,10,10,0.0001
77,85,10,10,10,0.0001
63,75,10,10,10,0.0001
25,80,10,10,10,0.0001
56,81,10,10,10,0.0001
199,63,9,9,9,0.0001
86,24,9,9,9,0.0001
263,80,9,9,9,0.0001
21,18,9,9,9,0.0001
57,89,9,9,9,0.0001
73,78,9,9,9,0.0001
183,79,9,9,9,0.0001
181,91,9,9,9,0.0001
39,252,9,9,9,0.0001
86,76,9,9,9,0.0001
361,63,9,9,9,0.0001
347,80,9,9,9,0.0001
32,43,9,9,9,0.0001
253,86,9,9,9,0.0001
349,91,9,9,9,0.0001
55,182,9,9,9,0.0001
27,28,9,9,9,0.0001
18,25,9,9,9,0.0001
345,91,9,9,9,0.0001
71,82,9,9,9,0.0001
18,245,9,9,9,0.0001
67,82,9,9,9,0.0001
86,77,9,9,9,0.0001
82,77,9,9,9,0.0001
29,366,9,8,8,0.0001
90,77,9,9,9,0.0001
55,237,9,9,9,0.0001
14,244,9,8,8,0.0001
341,226,9,9,9,0.0001
87,344,9,9,9,0.0001
43,347,9,9,9,0.0001
81,178,9,9,9,0.0001
64,60,9,9,9,0.0001
50,212,9,9,9,0.0001
258,18,9,9,9,0.0001
229,44,9,9,9,0.0001
346,87,9,9,9,0.0001
79,57,9,9,9,0.0001
41,40,9,9,9,0.0001
233,251,9,9,9,0.0001
13,69,9,8,8,0.0001
196,245,9,9,9,0.0001
76,365,9,9,9,0.0001
236,82,9,9,9,0.0001
179,26,9,9,9,0.0001
18,75,9,9,9,0.0001
27,76,9,9,9,0.0001
85,16,9,9,9,0.0001
88,69,9,9,9,0.0001
246,90,9,9,9,0.0001
235,60,9,9,9,0.0001
244,77,9,9,9,0.0001
183,223,9,9,9,0.0001
20,43,9,9,9,0.0001
221,245,9,9,9,0.0001
343,181,9,9,9,0.0001
39,19,8,8,8,0.0001
263,77,8,8,8,0.0001
53,182,8,8,8,0.0001
42,26,8,8,8,0.0001
90,20,8,8,8,0.0001
246,63,8,8,8,0.0001
81,39,8,8,8,0.0001
17,89,8,8,8,0.0001
238,77,8,8,8,0.0001
17,76,8,8,8,0.0001
68,226,8,8,8,0.0001
251,28,8,8,8,0.0001
87,4,8,8,8,0.0001
35,223,8,8,8,0.0001
64,56,8,8,8,0.0001
203,42,8,7,7,0.0001
80,89,8,8,8,0.0001
19,91,8,8,8,0.0001
350,226,8,8,8,0.0001
358,80,8,8,8,0.0001
83,365,8,8,8,0.0001
42,237,8,8,8,0.0001
45,78,8,8,8,0.0001
186,188,8,8,8,0.0001
85,89,8,8,8,0.0001
82,89,8,8,8,0.0001
251,91,8,8,8,0.0001
67,68,8,8,8,0.0001
15,54,8,8,8,0.0001
238,24,8,8,8,0.0001
68,69,8,8,8,0.0001
212,63,8,8,8,0.0001
199,85,8,8,8,0.0001
17,226,8,8,8,0.0001
346,2,8,8,8,0.0001
16,25,8,8,8,0.0001
194,77,8,8,8,0.0001
358,76,8,8,8,0.0001
187,29,8,8,8,0.0001
245,79,8,8,8,0.0001
259,77,8,8,8,0.0001
91,226,8,8,8,0.0001
41,55,8,8,8,0.0001
259,80,8,8,8,0.0001
50,57,8,8,8,0.0001
246,55,8,6,6,0.0001
363,368,8,8,8,0.0001
180,57,8,8,8,0.0001
78,84,8,8,8,0.0001
202,365,8,8,8,0.0001
19,226,8,8,8,0.0001
186,63,8,7,7,0.0001
39,16,8,8,8,0.0001
195,181,8,8,8,0.0001
344,1,8,8,8,0.0001
67,65,8,8,8,0.0001
20,57,8,8,8,0.0001
80,212,8,8,8,0.0001
27,80,8,8,8,0.0001
71,83,8,8,8,0.0001
70,75,8,8,8,0.0001
179,63,8,8,8,0.0001
343,235,8,8,8,0.0001
349,89,8,8,8,0.0001
91,344,8,8,8,0.0001
182,83,8,8,8,0.0001
225,242,8,8,8,0.0001
77,18,8,8,8,0.0001
186,189,8,8,8,0.0001
195,235,8,8,8,0.0001
82,236,8,8,8,0.0001
86,182,8,8,8,0.0001
19,20,8,8,8,0.0001
245,226,8,8,8,0.0001
87,360,8,8,8,0.0001
76,91,8,8,8,0.0001
55,77,8,8,8,0.0001
15,78,8,8,8,0.0001
28,79,8,8,8,0.0001
80,64,8,8,8,0.0001
45,212,8,8,8,0.0001
72,341,8,8,8,0.0001
214,29,8,8,8,0.0001
247,29,8,8,8,0.0001
86,65,8,8,8,0.0001
51,80,7,7,7,0.0
197,223,7,7,7,0.0
20,264,7,7,7,0.0
40,212,7,7,7,0.0
28,223,7,7,7,0.0
29,50,7,7,7,0.0
68,252,7,7,7,0.0
79,236,7,7,7,0.0
257,60,7,7,7,0.0
16,41,7,7,7,0.0
184,89,7,7,7,0.0
48,88,7,7,7,0.0
20,64,7,7,7,0.0
257,18,7,7,7,0.0
39,86,7,7,7,0.0
249,29,7,7,7,0.0
85,68,7,7,7,0.0
182,86,7,7,7,0.0
17,56,7,7,7,0.0
181,182,7,7,7,0.0
264,90,7,7,7,0.0
83,28,7,7,7,0.0
68,80,7,7,7,0.0
212,81,7,7,7,0.0
358,77,7,7,7,0.0
42,85,7,7,7,0.0
349,181,7,7,7,0.0
55,91,7,7,7,0.0
237,29,7,7,7,0.0
219,44,7,7,7,0.0
187,212,7,7,7,0.0
344,2,7,7,7,0.0
359,88,7,7,7,0.0
23,75,7,7,7,0.0
229,178,7,7,7,0.0
41,264,7,7,7,0.0
68,76,7,7,7,0.0
227,224,7,7,7,0.0
346,28,7,7,7,0.0
32,87,7,7,7,0.0
15,244,7,7,7,0.0
201,57,7,7,7,0.0
263,76,7,7,7,0.0
85,226,7,7,7,0.0
343,89,7,7,7,0.0
78,27,7,7,7,0.0
367,366,7,7,7,0.0
191,42,7,7,7,0.0
261,27,7,7,7,0.0
71,64,7,7,7,0.0
233,60,7,7,7,0.0
23,89,7,7,7,0.0
258,88,7,7,7,0.0
27,226,7,7,7,0.0
66,354,7,7,7,0.0
45,83,7,7,7,0.0
41,89,7,7,7,0.0
200,201,7,7,7,0.0
67,350,7,7,7,0.0
78,251,7,7,7,0.0
191,77,7,7,7,0.0
341,90,7,7,7,0.0
365,360,7,7,7,0.0
342,88,7,7,7,0.0
252,350,7,7,7,0.0
238,235,7,7,7,0.0
80,63,7,7,7,0.0
13,68,7,6,6,0.0
76,60,7,7,7,0.0
55,82,7,7,7,0.0
343,79,7,7,7,0.0
344,90,7,7,7,0.0
246,56,7,7,7,0.0
86,67,7,7,7,0.0
18,264,7,7,7,0.0
43,341,7,7,7,0.0
369,89,7,7,7,0.0
68,2,7,7,7,0.0
57,75,7,7,7,0.0
15,353,7,7,7,0.0
188,77,7,7,7,0.0
203,90,7,7,7,0.0
48,80,7,7,7,0.0
368,236,7,7,7,0.0
233,83,7,7,7,0.0
26,360,7,7,7,0.0
88,20,7,7,7,0.0
348,79,7,7,7,0.0
32,91,7,7,7,0.0
16,244,7,7,7,0.0
360,75,7,7,7,0.0
86,44,7,7,7,0.0
196,223,7,7,7,0.0
86,360,7,7,7,0.0
199,86,7,7,7,0.0
259,76,6,6,6,0.0
85,56,6,6,6,0.0
263,27,6,6,6,0.0
76,53,6,6,6,0.0
194,196,6,6,6,0.0
14,365,6,6,6,0.0
343,77,6,6,6,0.0
191,85,6,6,6,0.0
203,88,6,6,6,0.0
219,60,6,6,6,0.0
238,57,6,6,6,0.0
178,75,6,6,6,0.0
69,28,6,6,6,0.0
54,18,6,6,6,0.0
39,25,6,5,5,0.0
39,245,6,6,6,0.0
26,223,6,6,6,0.0
191,83,6,6,6,0.0
75,78,6,6,6,0.0
234,63,6,6,6,0.0
67,69,6,6,6,0.0
258,87,6,6,6,0.0
76,77,6,6,6,0.0
187,60,6,6,6,0.0
86,66,6,6,6,0.0
39,234,6,6,6,0.0
15,341,6,6,6,0.0
15,235,6,6,6,0.0
235,234,6,6,6,0.0
246,14,6,6,6,0.0
180,245,6,6,6,0.0
64,245,6,6,6,0.0
91,86,6,6,6,0.0
13,67,6,6,6,0.0
183,42,6,6,6,0.0
257,360,6,6,6,0.0
351,84,6,6,6,0.0
48,237,6,6,6,0.0
189,85,6,6,6,0.0
80,57,6,6,6,0.0
361,75,6,6,6,0.0
350,223,6,6,6,0.0
354,223,6,6,6,0.0
342,87,6,6,6,0.0
32,86,6,6,6,0.0
195,77,6,6,6,0.0
195,80,6,6,6,0.0
28,84,6,6,6,0.0
14,26,6,5,5,0.0
196,60,6,6,6,0.0
218,15,6,6,6,0.0
23,83,6,6,6,0.0
349,360,6,6,6,0.0
193,66,6,6,6,0.0
28,347,6,6,6,0.0
233,63,6,6,6,0.0
188,82,6,6,6,0.0
219,178,6,6,6,0.0
78,212,6,6,6,0.0
246,178,6,5,5,0.0
189,82,6,6,6,0.0
225,239,6,6,6,0.0
32,344,6,6,6,0.0
357,35,6,6,6,0.0
39,81,6,6,6,0.0
189,223,6,6,6,0.0
353,87,6,6,6,0.0
361,43,6,6,6,0.0
57,29,6,5,5,0.0
364,362,6,6,6,0.0
192,87,6,6,6,0.0
67,236,6,6,6,0.0
82,60,6,6,6,0.0
353,90,6,6,6,0.0
212,216,6,6,6,0.0
84,66,6,6,6,0.0
65,82,6,6,6,0.0
25,345,6,4,4,0.0
214,44,6,6,6,0.0
73,341,6,6,6,0.0
345,223,6,6,6,0.0
194,83,6,6,6,0.0
60,63,6,6,6,0.0
353,76,6,6,6,0.0
261,85,6,6,6,0.0
259,79,6,6,6,0.0
357,29,6,6,6,0.0
186,184,6,6,6,0.0
264,88,6,5,6,0.0
55,80,6,6,6,0.0
76,236,6,6,6,0.0
56,75,6,6,6,0.0
89,193,6,6,6,0.0
244,80,6,6,6,0.0
189,80,6,6,6,0.0
245,19,6,6,6,0.0
258,91,6,6,6,0.0
368,91,6,6,6,0.0
364,80,6,6,6,0.0
245,80,6,6,6,0.0
259,91,6,6,6,0.0
47,88,6,6,6,0.0
77,44,6,6,6,0.0
343,29,6,6,6,0.0
84,24,6,6,6,0.0
79,89,6,6,6,0.0
88,236,5,5,5,0.0
12,27,5,5,5,0.0
66,76,5,5,5,0.0
368,69,5,5,5,0.0
353,79,5,5,5,0.0
23,212,5,5,5,0.0
343,80,5,5,5,0.0
68,1,5,5,5,0.0
181,14,5,5,5,0.0
354,84,5,5,5,0.0
74,347,5,5,5,0.0
86,69,5,5,5,0.0
195,24,5,5,5,0.0
65,2,5,5,5,0.0
178,67,5,5,5,0.0
87,56,5,5,5,0.0
236,83,5,5,5,0.0
81,42,5,5,5,0.0
20,26,5,5,5,0.0
29,60,5,5,5,0.0
42,235,5,5,5,0.0
184,197,5,5,5,0.0
201,56,5,5,5,0.0
180,53,5,5,5,0.0
91,68,5,5,5,0.0
214,78,5,5,5,0.0
347,77,5,5,5,0.0
234,60,5,5,5,0.0
261,252,5,5,5,0.0
255,264,5,5,5,0.0
40,235,5,5,5,0.0
200,85,5,5,5,0.0
352,79,5,5,5,0.0
189,360,5,5,5,0.0
48,79,5,5,5,0.0
244,14,5,5,5,0.0
90,352,5,5,5,0.0
257,85,5,5,5,0.0
15,85,5,5,5,0.0
23,44,5,5,5,0.0
349,182,5,5,5,0.0
77,90,5,5,5,0.0
84,28,5,5,5,0.0
82,57,5,5,5,0.0
51,24,5,5,5,0.0
29,244,5,5,5,0.0
45,53,5,5,5,0.0
83,79,5,5,5,0.0
257,182,5,5,5,0.0
29,79,5,5,5,0.0
364,91,5,5,5,0.0
79,347,5,5,5,0.0
188,182,5,5,5,0.0
17,77,5,5,5,0.0
83,85,5,5,5,0.0
258,90,5,5,5,0.0
186,57,5,5,5,0.0
76,252,5,5,5,0.0
12,68,5,5,5,0.0
189,91,5,5,5,0.0
50,365,5,5,5,0.0
352,76,5,5,5,0.0
27,353,5,5,5,0.0
23,82,5,5,5,0.0
43,365,5,5,5,0.0
218,20,5,5,5,0.0
57,60,5,5,5,0.0
186,212,5,5,5,0.0
369,87,5,5,5,0.0
68,79,5,5,5,0.0
51,91,5,5,5,0.0
88,248,5,5,5,0.0
358,79,5,5,5,0.0
245,82,5,5,5,0.0
12,236,5,5,5,0.0
202,29,5,5,5,0.0
17,181,5,5,5,0.0
183,226,5,5,5,0.0
71,55,5,5,5,0.0
67,83,5,5,5,0.0
221,178,5,5,5,0.0
15,234,5,5,5,0.0
83,178,5,5,5,0.0
191,27,5,5,5,0.0
42,233,5,5,5,0.0
181,77,5,5,5,0.0
40,53,5,5,5,0.0
53,78,5,5,5,0.0
185,193,5,5,5,0.0
40,233,5,5,5,0.0
86,0,5,5,5,0.0
78,85,5,5,5,0.0
83,90,5,5,5,0.0
27,82,5,5,5,0.0
180,341,5,5,5,0.0
75,251,5,5,5,0.0
15,25,5,5,5,0.0
244,226,5,5,5,0.0
17,54,5,5,5,0.0
42,51,5,5,5,0.0
79,53,5,5,5,0.0
200,78,5,5,5,0.0
229,29,5,5,5,0.0
369,223,5,5,5,0.0
357,60,5,5,5,0.0
222,29,5,5,5,0.0
17,91,5,5,5,0.0
16,52,5,5,5,0.0
244,84,5,5,5,0.0
202,0,5,5,5,0.0
90,204,5,5,5,0.0
195,83,5,5,5,0.0
368,67,5,5,5,0.0
352,80,5,5,5,0.0
75,29,5,5,5,0.0
65,1,5,5,5,0.0
20,234,5,5,5,0.0
194,44,5,5,5,0.0
89,68,5,5,5,0.0
45,181,5,5,5,0.0
89,69,5,5,5,0.0
32,89,4,4,4,0.0
182,78,4,4,4,0.0
54,39,4,4,4,0.0
87,68,4,4,4,0.0
193,67,4,4,4,0.0
78,68,4,4,4,0.0
259,82,4,4,4,0.0
41,212,4,4,4,0.0
244,60,4,4,4,0.0
83,251,4,4,4,0.0
178,360,4,4,4,0.0
42,67,4,4,4,0.0
246,60,4,4,4,0.0
57,82,4,4,4,0.0
246,212,4,4,4,0.0
203,344,4,4,4,0.0
189,60,4,4,4,0.0
89,65,4,4,4,0.0
214,245,4,4,4,0.0
226,69,4,4,4,0.0
85,223,4,4,4,0.0
366,29,4,4,4,0.0
187,182,4,4,4,0.0
363,44,4,4,4,0.0
366,2,4,4,4,0.0
259,56,4,4,4,0.0
197,53,4,4,4,0.0
50,53,4,4,4,0.0
79,75,4,4,4,0.0
234,212,4,4,4,0.0
91,20,4,4,4,0.0
16,234,4,4,4,0.0
83,39,4,4,4,0.0
24,182,4,4,4,0.0
55,181,4,4,4,0.0
180,25,4,4,4,0.0
66,226,4,4,4,0.0
39,23,4,4,4,0.0
78,252,4,4,4,0.0
348,80,4,4,4,0.0
55,83,4,4,4,0.0
65,83,4,4,4,0.0
346,354,4,4,4,0.0
74,75,4,4,4,0.0
40,14,4,4,4,0.0
342,90,4,4,4,0.0
351,80,4,4,4,0.0
74,85,4,4,4,0.0
180,78,4,4,4,0.0
87,352,4,4,4,0.0
246,64,4,4,4,0.0
29,182,4,4,4,0.0
263,82,4,4,4,0.0
354,359,4,4,4,0.0
345,79,4,4,4,0.0
89,181,4,4,4,0.0
81,15,4,4,4,0.0
51,89,4,4,4,0.0
40,244,4,4,4,0.0
342,226,4,4,4,0.0
35,1,4,4,4,0.0
49,18,4,4,4,0.0
343,82,4,4,4,0.0
28,27,4,4,4,0.0
264,24,4,4,4,0.0
369,367,4,4,4,0.0
77,78,4,4,4,0.0
246,182,4,4,4,0.0
0,354,4,4,4,0.0
45,82,4,4,4,0.0
251,79,4,4,4,0.0
25,82,4,4,4,0.0
264,79,4,3,3,0.0
85,251,4,4,4,0.0
195,60,4,4,4,0.0
259,181,4,4,4,0.0
48,82,4,4,4,0.0
236,1,4,4,4,0.0
346,1,4,4,4,0.0
359,87,4,4,4,0.0
88,66,4,4,4,0.0
356,203,4,4,4,0.0
344,87,4,4,4,0.0
178,25,4,4,4,0.0
78,63,4,4,4,0.0
48,76,4,4,4,0.0
197,212,4,4,4,0.0
180,347,4,4,4,0.0
235,180,4,4,4,0.0
203,69,4,4,4,0.0
183,335,4,4,4,0.0
192,80,4,4,4,0.0
35,2,4,4,4,0.0
72,347,4,4,4,0.0
253,354,4,4,4,0.0
341,77,4,4,4,0.0
82,63,4,4,4,0.0
253,88,4,4,4,0.0
214,360,4,4,4,0.0
88,226,4,4,4,0.0
49,226,4,4,4,0.0
357,83,4,4,4,0.0
21,43,4,4,4,0.0
83,20,4,4,4,0.0
256,87,4,4,4,0.0
50,341,4,4,4,0.0
50,85,4,4,4,0.0
366,84,4,4,4,0.0
80,236,4,4,4,0.0
362,226,4,4,4,0.0
63,81,4,4,4,0.0
345,80,4,4,4,0.0
88,24,4,4,4,0.0
24,178,4,4,4,0.0
57,64,4,4,4,0.0
233,64,4,4,4,0.0
357,63,4,4,4,0.0
181,178,4,4,4,0.0
43,264,4,4,4,0.0
362,87,4,4,4,0.0
356,84,4,4,4,0.0
50,75,4,4,4,0.0
29,369,4,4,4,0.0
252,354,4,4,4,0.0
21,233,4,4,4,0.0
251,80,4,4,4,0.0
28,0,4,4,4,0.0
78,182,4,4,4,0.0
366,1,4,4,4,0.0
352,77,4,4,4,0.0
343,60,4,4,4,0.0
363,82,4,4,4,0.0
226,235,4,4,4,0.0
214,212,4,4,4,0.0
185,186,4,4,4,0.0
50,55,4,4,4,0.0
345,226,4,4,4,0.0
90,236,4,4,4,0.0
20,56,4,4,4,0.0
18,26,4,4,4,0.0
199,27,4,4,4,0.0
226,65,4,4,4,0.0
49,89,4,4,4,0.0
73,365,4,4,4,0.0
200,347,3,3,3,0.0
23,181,3,3,3,0.0
197,186,3,3,3,0.0
256,39,3,3,3,0.0
264,226,3,3,3,0.0
19,360,3,3,3,0.0
87,6,3,3,3,0.0
80,53,3,3,3,0.0
20,341,3,3,3,0.0
246,88,3,3,3,0.0
42,350,3,3,3,0.0
255,212,3,3,3,0.0
178,17,3,3,3,0.0
28,76,3,3,3,0.0
256,181,3,3,3,0.0
363,83,3,3,3,0.0
255,63,3,3,3,0.0
18,223,3,3,3,0.0
82,53,3,3,3,0.0
247,248,3,3,3,0.0
238,80,3,3,3,0.0
227,88,3,3,3,0.0
91,193,3,3,3,0.0
226,20,3,3,3,0.0
87,24,3,3,3,0.0
19,15,3,3,3,0.0
360,223,3,3,3,0.0
43,51,3,3,3,0.0
26,76,3,3,3,0.0
78,56,3,3,3,0.0
91,6,3,3,3,0.0
68,77,3,3,3,0.0
229,57,3,3,3,0.0
19,182,3,3,3,0.0
14,251,3,3,3,0.0
342,76,3,3,3,0.0
60,57,3,3,3,0.0
366,365,3,3,3,0.0
369,91,3,3,3,0.0
53,360,3,3,3,0.0
85,82,3,3,3,0.0
39,51,3,3,3,0.0
25,213,3,3,3,0.0
264,76,3,3,3,0.0
256,235,3,3,3,0.0
246,79,3,3,3,0.0
203,65,3,3,3,0.0
244,79,3,3,3,0.0
193,42,3,3,3,0.0
16,353,3,3,3,0.0
254,235,3,3,3,0.0
200,44,3,3,3,0.0
191,28,3,3,3,0.0
361,26,3,3,3,0.0
236,2,3,3,3,0.0
85,77,3,3,3,0.0
16,233,3,3,3,0.0
194,57,3,3,3,0.0
347,89,3,3,3,0.0
193,28,3,3,3,0.0
366,79,3,3,3,0.0
367,85,3,3,3,0.0
41,83,3,3,3,0.0
217,218,3,3,3,0.0
90,80,3,3,3,0.0
51,82,3,3,3,0.0
76,78,3,3,3,0.0
44,60,3,3,3,0.0
254,182,3,3,3,0.0
348,87,3,3,3,0.0
255,91,3,3,3,0.0
14,55,3,3,3,0.0
82,78,3,3,3,0.0
363,60,3,3,3,0.0
42,344,3,3,3,0.0
188,83,3,3,3,0.0
213,91,3,3,3,0.0
215,88,3,3,3,0.0
55,360,3,3,3,0.0
179,78,3,3,3,0.0
32,66,3,3,3,0.0
234,64,3,3,3,0.0
28,80,3,3,3,0.0
79,66,3,3,3,0.0
73,81,3,3,3,0.0
343,182,3,3,3,0.0
64,63,3,3,3,0.0
55,56,3,3,3,0.0
69,82,3,3,3,0.0
247,67,3,3,3,0.0
57,63,3,3,3,0.0
48,89,3,3,3,0.0
368,344,3,3,3,0.0
56,212,3,3,3,0.0
254,76,3,3,3,0.0
84,78,3,3,3,0.0
180,63,3,3,3,0.0
214,83,3,3,3,0.0
203,68,3,3,3,0.0
341,87,3,3,3,0.0
197,29,3,3,3,0.0
40,82,3,3,3,0.0
78,181,3,3,3,0.0
88,77,3,3,3,0.0
201,365,3,3,3,0.0
245,76,3,3,3,0.0
68,236,3,3,3,0.0
68,350,3,3,3,0.0
179,365,3,3,3,0.0
237,90,3,3,3,0.0
85,212,3,3,3,0.0
347,91,3,3,3,0.0
219,53,3,3,3,0.0
73,264,3,3,3,0.0
236,84,3,3,3,0.0
73,75,3,3,3,0.0
245,51,3,2,2,0.0
356,223,3,3,3,0.0
40,43,3,3,3,0.0
18,50,3,3,3,0.0
29,178,3,3,3,0.0
18,251,3,3,3,0.0
86,181,3,3,3,0.0
359,86,3,3,3,0.0
244,24,3,3,3,0.0
235,75,3,3,3,0.0
79,78,3,3,3,0.0
244,234,3,3,3,0.0
230,27,3,3,3,0.0
178,84,3,3,3,0.0
181,86,3,3,3,0.0
14,51,3,3,3,0.0
70,341,3,3,3,0.0
355,88,3,3,3,0.0
197,194,3,3,3,0.0
77,91,3,3,3,0.0
252,88,3,3,3,0.0
342,91,3,3,3,0.0
78,235,3,3,3,0.0
68,365,3,3,3,0.0
80,83,3,3,3,0.0
179,67,3,3,3,0.0
14,227,3,3,3,0.0
85,91,3,3,3,0.0
64,341,3,3,3,0.0
248,38,3,3,3,0.0
80,350,3,3,3,0.0
77,182,3,3,3,0.0
78,64,3,3,3,0.0
48,226,3,3,3,0.0
29,77,3,3,3,0.0
258,360,3,3,3,0.0
348,91,3,3,3,0.0
24,20,3,3,3,0.0
23,25,3,3,3,0.0
229,18,3,3,3,0.0
368,79,3,3,3,0.0
185,188,3,3,3,0.0
84,69,3,3,3,0.0
28,360,3,3,3,0.0
32,85,3,3,3,0.0
78,65,3,3,3,0.0
41,78,3,3,3,0.0
368,65,3,3,3,0.0
89,6,3,3,3,0.0
352,84,3,3,3,0.0
183,76,3,3,3,0.0
17,83,3,3,3,0.0
204,354,3,3,3,0.0
246,80,3,3,3,0.0
360,85,3,3,3,0.0
193,69,3,3,3,0.0
235,347,3,3,3,0.0
52,14,3,3,3,0.0
15,86,3,3,3,0.0
245,77,3,3,3,0.0
365,2,3,3,3,0.0
27,345,3,3,3,0.0
346,345,3,3,3,0.0
263,365,3,3,3,0.0
222,39,3,3,3,0.0
82,75,3,3,3,0.0
51,212,3,3,3,0.0
364,77,3,3,3,0.0
262,88,2,2,2,0.0
249,39,2,2,2,0.0
255,29,2,2,2,0.0
194,56,2,2,2,0.0
203,29,2,2,2,0.0
179,43,2,2,2,0.0
24,44,2,2,2,0.0
54,88,2,2,2,0.0
81,18,2,2,2,0.0
199,191,2,2,2,0.0
200,212,2,2,2,0.0
84,65,2,2,2,0.0
365,84,2,2,2,0.0
226,24,2,2,2,0.0
81,29,2,2,2,0.0
77,56,2,2,2,0.0
245,347,2,2,2,0.0
47,80,2,2,2,0.0
254,29,2,2,2,0.0
199,347,2,2,2,0.0
24,14,2,2,2,0.0
335,183,2,2,2,0.0
89,204,2,2,2,0.0
368,76,2,2,2,0.0
60,78,2,2,2,0.0
14,28,2,2,2,0.0
358,1,2,2,2,0.0
335,0,2,2,2,0.0
21,365,2,2,2,0.0
188,60,2,2,2,0.0
66,69,2,2,2,0.0
244,63,2,2,2,0.0
49,15,2,2,2,0.0
29,251,2,2,2,0.0
17,82,2,2,2,0.0
254,60,2,2,2,0.0
355,226,2,2,2,0.0
350,84,2,2,2,0.0
194,197,2,2,2,0.0
238,90,2,2,2,0.0
219,63,2,2,2,0.0
251,365,2,2,2,0.0
88,235,2,2,2,0.0
247,87,2,2,2,0.0
261,43,2,2,2,0.0
178,26,2,2,2,0.0
29,18,2,2,2,0.0
179,69,2,2,2,0.0
264,77,2,2,2,0.0
185,189,2,2,2,0.0
349,347,2,2,2,0.0
68,66,2,2,2,0.0
184,196,2,2,2,0.0
257,251,2,2,2,0.0
15,251,2,2,2,0.0
80,223,2,2,2,0.0
199,42,2,2,2,0.0
87,43,2,2,2,0.0
348,76,2,2,2,0.0
199,251,2,2,2,0.0
86,68,2,2,2,0.0
186,197,2,2,2,0.0
16,40,2,2,2,0.0
39,353,2,2,2,0.0
80,82,2,2,2,0.0
346,91,2,2,2,0.0
29,347,2,2,2,0.0
44,360,2,2,2,0.0
196,85,2,2,2,0.0
64,53,2,2,2,0.0
358,84,2,2,2,0.0
361,368,2,2,2,0.0
29,212,2,2,2,0.0
20,67,2,2,2,0.0
222,245,2,2,2,0.0
16,43,2,2,2,0.0
244,366,2,2,2,0.0
65,350,2,2,2,0.0
254,360,2,2,2,0.0
203,14,2,2,2,0.0
264,89,2,2,2,0.0
73,53,2,2,2,0.0
251,0,2,2,2,0.0
178,347,2,2,2,0.0
16,78,2,2,2,0.0
19,181,2,2,2,0.0
189,44,2,2,2,0.0
234,180,2,2,2,0.0
180,233,2,2,2,0.0
254,79,2,2,2,0.0
246,264,2,2,2,0.0
15,264,2,2,2,0.0
342,80,2,2,2,0.0
74,341,2,2,2,0.0
203,85,2,2,2,0.0
346,365,2,2,2,0.0
247,202,2,2,2,0.0
258,226,2,2,2,0.0
13,236,2,2,2,0.0
23,235,2,2,2,0.0
196,195,2,2,2,0.0
21,85,2,2,2,0.0
77,57,2,2,2,0.0
41,75,2,2,2,0.0
24,347,2,2,2,0.0
220,39,2,2,2,0.0
82,252,2,2,2,0.0
90,84,2,2,2,0.0
14,81,2,2,2,0.0
19,50,2,2,2,0.0
38,366,2,2,2,0.0
222,178,2,2,2,0.0
251,235,2,2,2,0.0
29,360,2,2,2,0.0
193,88,2,2,2,0.0
66,77,2,2,2,0.0
193,365,2,2,2,0.0
47,89,2,2,2,0.0
38,360,2,2,2,0.0
18,86,2,2,2,0.0
49,88,2,2,2,0.0
218,182,2,2,2,0.0
83,360,2,2,2,0.0
246,91,2,2,2,0.0
77,226,2,2,2,0.0
184,80,2,2,2,0.0
54,15,2,2,2,0.0
21,26,2,2,2,0.0
74,55,2,2,2,0.0
363,212,2,2,2,0.0
251,14,2,2,2,0.0
203,91,2,2,2,0.0
200,183,2,2,2,0.0
261,86,2,2,2,0.0
349,44,2,2,2,0.0
24,42,2,2,2,0.0
71,53,2,2,2,0.0
87,77,2,2,2,0.0
49,181,2,2,2,0.0
50,27,2,2,2,0.0
28,77,2,2,2,0.0
69,83,2,2,2,0.0
245,15,2,2,2,0.0
78,365,2,2,2,0.0
42,86,2,2,2,0.0
183,27,2,2,2,0.0
343,83,2,2,2,0.0
56,60,2,2,2,0.0
39,26,2,2,2,0.0
246,82,2,2,2,0.0
251,203,2,2,2,0.0
353,226,2,2,2,0.0
17,347,2,2,2,0.0
238,91,2,2,2,0.0
255,89,2,2,2,0.0
362,89,2,2,2,0.0
87,212,2,2,2,0.0
75,182,2,2,2,0.0
343,91,2,2,2,0.0
355,237,2,2,2,0.0
365,364,2,2,2,0.0
54,20,2,2,2,0.0
60,64,2,2,2,0.0
218,178,2,2,2,0.0
263,236,2,2,2,0.0
364,89,2,2,2,0.0
0,27,2,2,2,0.0
41,82,2,2,2,0.0
256,76,2,2,2,0.0
55,53,2,2,2,0.0
12,67,2,2,2,0.0
53,57,2,2,2,0.0
51,83,2,2,2,0.0
49,90,2,2,2,0.0
259,212,2,2,2,0.0
90,347,2,2,2,0.0
18,365,2,2,2,0.0
51,182,2,2,2,0.0
40,89,2,2,2,0.0
29,24,2,2,2,0.0
38,193,2,2,2,0.0
54,76,2,2,2,0.0
85,344,2,2,2,0.0
45,64,2,2,2,0.0
369,363,2,2,2,0.0
341,80,2,2,2,0.0
75,85,2,2,2,0.0
235,341,2,2,2,0.0
223,365,2,2,2,0.0
343,64,2,2,2,0.0
195,251,2,2,2,0.0
366,76,2,2,2,0.0
77,212,2,2,2,0.0
80,60,2,2,2,0.0
363,78,2,2,2,0.0
47,79,2,2,2,0.0
70,264,2,2,2,0.0
194,60,2,2,2,0.0
347,83,2,2,2,0.0
83,89,2,2,2,0.0
218,24,2,2,2,0.0
15,45,2,2,2,0.0
85,60,2,2,2,0.0
85,347,2,2,2,0.0
201,200,2,2,2,0.0
53,245,2,2,2,0.0
366,69,2,2,2,0.0
347,351,2,2,2,0.0
362,24,2,2,2,0.0
39,264,2,2,2,0.0
70,85,2,2,2,0.0
238,360,2,2,2,0.0
344,77,2,2,2,0.0
343,360,2,2,2,0.0
83,69,2,2,2,0.0
75,44,2,2,2,0.0
75,79,2,2,2,0.0
238,17,2,2,2,0.0
229,15,2,2,2,0.0
29,250,2,2,2,0.0
352,226,2,2,2,0.0
346,89,2,2,2,0.0
201,75,2,2,2,0.0
68,344,2,2,2,0.0
77,83,2,2,2,0.0
346,76,2,2,2,0.0
85,83,2,2,2,0.0
19,82,2,2,2,0.0
83,80,2,2,2,0.0
366,77,2,2,2,0.0
71,63,2,2,2,0.0
259,264,2,2,2,0.0
19,89,2,2,2,0.0
77,350,2,2,2,0.0
220,178,2,2,2,0.0
341,76,2,2,2,0.0
252,28,2,2,2,0.0
69,1,2,2,2,0.0
53,51,2,2,2,0.0
182,63,2,2,2,0.0
258,79,2,2,2,0.0
213,87,2,2,2,0.0
25,245,2,2,2,0.0
195,360,2,2,2,0.0
201,85,2,2,2,0.0
259,235,2,2,2,0.0
69,252,2,2,2,0.0
366,66,2,2,2,0.0
87,65,2,2,2,0.0
233,75,2,2,2,0.0
357,212,2,2,2,0.0
352,247,2,2,2,0.0
48,87,2,2,2,0.0
251,77,2,2,2,0.0
17,360,2,2,2,0.0
216,212,2,2,2,0.0
18,85,2,2,2,0.0
367,363,2,2,2,0.0
215,218,2,2,2,0.0
219,57,2,2,2,0.0
361,227,2,2,2,0.0
74,86,2,2,2,0.0
202,236,2,2,2,0.0
261,236,2,2,2,0.0
18,52,2,2,2,0.0
258,182,2,2,2,0.0
51,181,2,2,2,0.0
203,86,2,2,2,0.0
75,212,2,2,2,0.0
21,86,2,2,2,0.0
247,2,2,2,2,0.0
195,182,2,2,2,0.0
55,245,2,2,2,0.0
91,360,2,2,2,0.0
77,235,2,2,2,0.0
26,79,2,2,2,0.0
184,91,2,2,2,0.0
184,83,2,2,2,0.0
70,347,2,2,2,0.0
257,86,2,2,2,0.0
29,25,2,2,2,0.0
70,365,2,2,2,0.0
72,264,2,2,2,0.0
351,79,2,2,2,0.0
245,57,2,2,2,0.0
342,79,2,2,2,0.0
54,90,2,2,2,0.0
233,180,2,2,2,0.0
20,23,2,2,2,0.0
50,81,2,2,2,0.0
12,28,2,2,2,0.0
252,25,1,1,1,0.0
182,227,1,1,1,0.0
227,361,1,1,1,0.0
14,361,1,1,1,0.0
246,181,1,1,1,0.0
21,361,1,1,1,0.0
89,180,1,1,1,0.0
72,51,1,1,1,0.0
80,234,1,1,1,0.0
14,47,1,1,1,0.0
245,365,1,1,1,0.0
355,87,1,1,1,0.0
85,72,1,1,1,0.0
29,200,1,1,1,0.0
43,223,1,1,1,0.0
88,83,1,1,1,0.0
80,51,1,1,1,0.0
47,90,1,1,1,0.0
70,86,1,1,1,0.0
41,365,1,1,1,0.0
212,341,1,1,1,0.0
346,79,1,1,1,0.0
67,245,1,1,1,0.0
218,212,1,1,1,0.0
77,45,1,1,1,0.0
84,44,1,1,1,0.0
254,18,1,1,1,0.0
368,68,1,1,1,0.0
53,55,1,1,1,0.0
51,57,1,1,1,0.0
40,347,1,1,1,0.0
249,88,1,1,1,0.0
78,69,1,1,1,0.0
87,69,1,1,1,0.0
14,354,1,1,1,0.0
66,82,1,1,1,0.0
20,65,1,1,1,0.0
200,63,1,1,1,0.0
218,88,1,1,1,0.0
193,236,1,1,1,0.0
357,78,1,1,1,0.0
80,56,1,1,1,0.0
79,83,1,1,1,0.0
252,87,1,1,1,0.0
90,76,1,1,1,0.0
187,64,1,1,1,0.0
263,84,1,1,1,0.0
178,341,1,1,1,0.0
27,75,1,1,1,0.0
192,91,1,1,1,0.0
187,44,1,1,1,0.0
178,44,1,1,1,0.0
91,40,1,1,1,0.0
12,66,1,1,1,0.0
256,29,1,1,1,0.0
252,226,1,1,1,0.0
244,347,1,1,1,0.0
230,65,1,1,1,0.0
244,212,1,1,1,0.0
347,78,1,1,1,0.0
75,84,1,1,1,0.0
90,186,1,1,1,0.0
218,181,1,1,1,0.0
219,212,1,1,1,0.0
85,53,1,1,1,0.0
189,212,1,1,1,0.0
23,63,1,1,1,0.0
28,82,1,1,1,0.0
76,51,1,1,1,0.0
227,63,1,1,1,0.0
184,82,1,1,1,0.0
75,57,1,1,1,0.0
71,78,1,1,1,0.0
249,18,1,1,1,0.0
209,211,1,1,1,0.0
23,60,1,1,1,0.0
357,245,1,1,1,0.0
24,341,1,1,1,0.0
189,365,1,1,1,0.0
189,63,1,1,1,0.0
188,63,1,1,1,0.0
258,89,1,1,1,0.0
262,29,1,1,1,0.0
76,43,1,1,1,0.0
184,76,1,1,1,0.0
24,235,1,1,1,0.0
196,55,1,1,1,0.0
253,24,1,1,1,0.0
256,18,1,1,1,0.0
359,14,1,1,1,0.0
349,212,1,1,1,0.0
40,251,1,1,1,0.0
258,24,1,1,1,0.0
82,69,1,1,1,0.0
252,66,1,1,1,0.0
348,89,1,1,1,0.0
75,252,1,1,1,0.0
88,237,1,1,1,0.0
80,68,1,1,1,0.0
39,233,1,1,1,0.0
65,365,1,1,1,0.0
180,43,1,1,1,0.0
235,233,1,1,1,0.0
24,183,1,1,1,0.0
50,234,1,1,1,0.0
251,60,1,1,1,0.0
83,18,1,1,1,0.0
186,196,1,1,1,0.0
24,364,1,1,1,0.0
368,43,1,1,1,0.0
24,180,1,1,1,0.0
79,341,1,1,1,0.0
29,181,1,1,1,0.0
367,88,1,1,1,0.0
180,234,1,1,1,0.0
24,179,1,1,1,0.0
365,1,1,1,1,0.0
359,91,1,1,1,0.0
196,44,1,1,1,0.0
24,15,1,1,1,0.0
363,75,1,1,1,0.0
341,91,1,1,1,0.0
245,50,1,1,1,0.0
55,29,1,1,1,0.0
76,69,1,1,1,0.0
49,79,1,1,1,0.0
85,73,1,1,1,0.0
234,365,1,1,1,0.0
349,29,1,1,1,0.0
79,65,1,1,1,0.0
361,365,1,1,1,0.0
250,88,1,1,1,0.0
355,90,1,1,1,0.0
27,83,1,1,1,0.0
52,20,1,1,1,0.0
19,83,1,1,1,0.0
20,55,1,1,1,0.0
78,53,1,1,1,0.0
247,1,1,1,1,0.0
197,188,1,1,1,0.0
196,194,1,1,1,0.0
27,16,1,1,1,0.0
186,53,1,1,1,0.0
205,207,1,1,1,0.0
193,65,1,1,1,0.0
343,78,1,1,1,0.0
252,80,1,1,1,0.0
18,45,1,1,1,0.0
237,83,1,1,1,0.0
91,69,1,1,1,0.0
63,223,1,1,1,0.0
238,78,1,1,1,0.0
15,50,1,1,1,0.0
19,16,1,1,1,0.0
53,75,1,1,1,0.0
74,251,1,1,1,0.0
90,24,1,1,1,0.0
363,64,1,1,1,0.0
76,68,1,1,1,0.0
49,360,1,1,1,0.0
24,16,1,1,1,0.0
51,245,1,1,1,0.0
21,264,1,1,1,0.0
65,67,1,1,1,0.0
24,181,1,1,1,0.0
178,365,1,1,1,0.0
25,75,1,1,1,0.0
244,44,1,1,1,0.0
84,354,1,1,1,0.0
362,79,1,1,1,0.0
196,192,1,1,1,0.0
52,80,1,1,1,0.0
41,237,1,1,1,0.0
83,15,1,1,1,0.0
40,341,1,1,1,0.0
91,80,1,1,1,0.0
199,341,1,1,1,0.0
181,39,1,1,1,0.0
40,85,1,1,1,0.0
234,179,1,1,1,0.0
75,56,1,1,1,0.0
29,253,1,1,1,0.0
354,203,1,1,1,0.0
245,235,1,1,1,0.0
264,82,1,1,1,0.0
230,28,1,1,1,0.0
76,84,1,1,1,0.0
220,29,1,1,1,0.0
348,77,1,1,1,0.0
81,360,1,1,1,0.0
91,248,1,1,1,0.0
252,69,1,1,1,0.0
66,1,1,1,1,0.0
251,244,1,1,1,0.0
262,85,1,1,1,0.0
44,251,1,1,1,0.0
226,66,1,1,1,0.0
23,360,1,1,1,0.0
26,80,1,1,1,0.0
184,87,1,1,1,0.0
74,264,1,1,1,0.0
69,75,1,1,1,0.0
227,360,1,1,1,0.0
178,63,1,1,1,0.0
84,344,1,1,1,0.0
19,63,1,1,1,0.0
84,365,1,1,1,0.0
252,76,1,1,1,0.0
85,57,1,1,1,0.0
41,17,1,1,1,0.0
64,78,1,1,1,0.0
40,366,1,1,1,0.0
361,236,1,1,1,0.0
355,356,1,1,1,0.0
252,38,1,1,1,0.0
199,264,1,1,1,0.0
255,64,1,1,1,0.0
366,350,1,1,1,0.0
75,53,1,1,1,0.0
19,212,1,1,1,0.0
84,212,1,1,1,0.0
222,56,1,1,1,0.0
35,80,1,1,1,0.0
252,356,1,1,1,0.0
17,78,1,1,1,0.0
254,64,1,1,1,0.0
73,51,1,1,1,0.0
184,226,1,1,1,0.0
244,64,1,1,1,0.0
24,60,1,1,1,0.0
188,64,1,1,1,0.0
35,84,1,1,1,0.0
256,79,1,1,1,0.0
186,78,1,1,1,0.0
261,226,1,1,1,0.0
79,200,1,1,1,0.0
72,86,1,1,1,0.0
196,251,1,1,1,0.0
368,226,1,1,1,0.0
29,55,1,1,1,0.0
83,350,1,1,1,0.0
15,75,1,1,1,0.0
29,83,1,1,1,0.0
345,83,1,1,1,0.0
347,82,1,1,1,0.0
237,88,1,1,1,0.0
194,86,1,1,1,0.0
28,226,1,1,1,0.0
238,53,1,1,1,0.0
54,91,1,1,1,0.0
68,43,1,1,1,0.0
368,66,1,1,1,0.0
255,81,1,1,1,0.0
16,86,1,1,1,0.0
83,44,1,1,1,0.0
88,39,1,1,1,0.0
66,84,1,1,1,0.0
361,360,1,1,1,0.0
42,354,1,1,1,0.0
245,91,1,1,1,0.0
87,66,1,1,1,0.0
212,217,1,1,1,0.0
67,203,1,1,1,0.0
199,55,1,1,1,0.0
88,212,1,1,1,0.0
349,64,1,1,1,0.0
85,263,1,1,1,0.0
32,80,1,1,1,0.0
247,69,1,1,1,0.0
16,84,1,1,1,0.0
357,53,1,1,1,0.0
181,42,1,1,1,0.0
66,80,1,1,1,0.0
362,364,1,1,1,0.0
42,361,1,1,1,0.0
0,28,1,1,1,0.0
53,212,1,1,1,0.0
349,341,1,1,1,0.0
256,182,1,1,1,0.0
80,25,1,1,1,0.0
76,214,1,1,1,0.0
85,25,1,1,1,0.0
348,352,1,1,1,0.0
244,180,1,1,1,0.0
212,251,1,1,1,0.0
23,182,1,1,1,0.0
193,354,1,1,1,0.0
249,15,1,1,1,0.0
48,91,1,1,1,0.0
86,352,1,1,1,0.0
65,75,1,1,1,0.0
197,86,1,1,1,0.0
55,44,1,1,1,0.0
14,236,1,1,1,0.0
244,182,1,1,1,0.0
234,341,1,1,1,0.0
229,53,1,1,1,0.0
362,91,1,1,1,0.0
368,84,1,1,1,0.0
238,89,1,1,1,0.0
75,76,1,1,1,0.0
85,353,1,1,1,0.0
183,365,1,1,1,0.0
29,189,1,1,1,0.0
21,244,1,1,1,0.0
23,26,1,1,1,0.0
361,85,1,1,1,0.0
48,83,1,1,1,0.0
219,182,1,1,1,0.0
247,201,1,1,1,0.0
78,57,1,1,1,0.0
178,50,1,1,1,0.0
50,86,1,1,1,0.0
85,352,1,1,1,0.0
368,77,1,1,1,0.0
247,89,1,1,1,0.0
255,83,1,1,1,0.0
186,347,1,1,1,0.0
254,89,1,1,1,0.0
215,222,1,1,1,0.0
202,344,1,1,1,0.0
203,89,1,1,1,0.0
60,85,1,1,1,0.0
353,78,1,1,1,0.0
247,350,1,1,1,0.0
45,182,1,1,1,0.0
261,28,1,1,1,0.0
89,80,1,1,1,0.0
187,245,1,1,1,0.0
86,251,1,1,1,0.0
78,28,1,1,1,0.0
352,82,1,1,1,0.0
182,75,1,1,1,0.0
191,226,1,1,1,0.0
357,75,1,1,1,0.0
6,4,1,1,1,0.0
246,76,1,1,1,0.0
246,89,1,1,1,0.0
70,81,1,1,1,0.0
236,78,1,1,1,0.0
40,223,1,1,1,0.0
245,223,1,1,1,0.0
27,78,1,1,1,0.0
343,55,1,1,1,0.0
238,55,1,1,1,0.0
199,223,1,1,1,0.0
264,75,1,1,1,0.0
87,39,1,1,1,0.0
202,88,1,1,1,0.0
64,212,1,1,1,0.0
78,88,1,1,1,0.0
255,82,1,1,1,0.0
229,341,1,1,1,0.0
369,226,1,1,1,0.0
85,70,1,1,1,0.0
73,52,1,1,1,0.0
38,345,1,1,1,0.0
366,43,1,1,1,0.0
235,179,1,1,1,0.0
29,234,1,1,1,0.0
344,226,1,1,1,0.0
47,83,1,1,1,0.0
195,29,1,1,1,0.0
73,55,1,1,1,0.0
90,39,1,1,1,0.0
259,60,1,1,1,0.0
68,75,1,1,1,0.0
178,227,1,1,1,0.0
188,223,1,1,1,0.0
77,50,1,1,1,0.0
87,18,1,1,1,0.0
67,75,1,1,1,0.0
74,69,1,1,1,0.0
264,64,1,1,1,0.0
54,178,1,1,1,0.0
29,56,1,1,1,0.0
211,90,1,1,1,0.0
201,191,1,1,1,0.0
356,202,1,1,1,0.0
63,251,1,1,1,0.0
256,82,1,1,1,0.0
201,347,1,1,1,0.0
90,212,1,1,1,0.0
24,233,1,1,1,0.0
258,29,1,1,1,0.0
181,78,1,1,1,0.0
194,192,1,1,1,0.0
32,2,1,1,1,0.0
248,247,1,1,1,0.0
237,87,1,1,1,0.0
60,75,1,1,1,0.0
14,69,1,1,1,0.0
185,187,1,1,1,0.0
41,234,1,1,1,0.0
29,82,1,1,1,0.0
74,53,1,1,1,0.0
355,91,1,1,1,0.0
82,347,1,1,1,0.0
39,54,1,1,1,0.0
256,24,1,1,1,0.0
178,66,1,1,1,0.0
367,223,1,1,1,0.0
83,82,1,1,1,0.0
194,212,1,1,1,0.0
49,87,1,1,1,0.0
252,236,1,1,1,0.0
44,233,1,1,1,0.0
85,63,1,1,1,0.0
348,29,1,1,1,0.0
189,53,1,1,1,0.0
215,214,1,1,1,0.0
86,344,1,1,1,0.0
52,18,1,1,1,0.0
223,28,1,1,1,0.0
90,50,1,1,1,0.0
244,53,1,1,1,0.0
23,53,1,1,1,0.0
91,181,1,1,1,0.0
237,77,1,1,1,0.0
214,64,1,1,1,0.0
246,53,1,1,1,0.0
358,83,1,1,1,0.0
64,251,1,1,1,0.0
82,365,1,1,1,0.0
248,27,1,1,1,0.0
51,44,1,1,1,0.0
252,91,1,1,1,0.0
182,81,1,1,1,0.0
238,64,1,1,1,0.0
51,75,1,1,1,0.0
346,80,1,1,1,0.0
70,65,1,1,1,0.0
68,83,1,1,1,0.0
353,80,1,1,1,0.0
249,24,1,1,1,0.0
40,56,1,1,1,0.0
45,75,1,1,1,0.0
361,223,1,1,1,0.0
80,361,1,1,1,0.0
25,40,1,1,1,0.0
244,40,1,1,1,0.0
254,56,1,1,1,0.0
254,24,1,1,1,0.0
189,56,1,1,1,0.0
252,358,1,1,1,0.0
63,347,1,1,1,0.0
76,347,1,1,1,0.0
264,182,1,1,1,0.0
26,212,1,1,1,0.0
246,51,1,1,1,0.0
344,80,1,1,1,0.0
260,87,1,1,1,0.0
80,354,1,1,1,0.0
38,223,1,1,1,0.0
363,245,1,1,1,0.0
27,369,1,1,1,0.0
74,51,1,1,1,0.0
91,212,1,1,1,0.0
366,68,1,1,1,0.0
367,76,1,1,1,0.0
264,83,1,1,1,0.0
45,360,1,1,1,0.0
73,85,1,1,1,0.0
14,40,1,1,1,0.0
42,263,1,1,1,0.0
52,39,1,1,1,0.0
195,64,1,1,1,0.0
366,80,1,1,1,0.0
54,87,1,1,1,0.0
353,89,1,1,1,0.0
264,181,1,1,1,0.0
41,25,1,1,1,0.0
90,44,1,1,1,0.0
82,67,1,1,1,0.0
345,84,1,1,1,0.0
52,15,1,1,1,0.0
341,89,1,1,1,0.0
82,55,1,1,1,0.0
40,245,1,1,1,0.0
81,78,1,1,1,0.0
258,235,1,1,1,0.0
88,234,1,1,1,0.0
181,20,1,1,1,0.0
38,80,1,1,1,0.0
229,63,1,1,1,0.0
358,2,1,1,1,0.0
245,252,1,1,1,0.0
79,51,1,1,1,0.0
25,353,1,1,1,0.0
229,60,1,1,1,0.0
88,43,1,1,1,0.0
60,347,1,1,1,0.0
359,223,1,1,1,0.0
72,55,1,1,1,0.0
69,78,1,1,1,0.0
16,75,1,1,1,0.0
219,78,1,1,1,0.0
184,85,1,1,1,0.0
23,78,1,1,1,0.0
25,78,1,1,1,0.0
49,24,1,1,1,0.0
245,87,1,1,1,0.0
38,77,1,1,1,0.0
53,56,1,1,1,0.0
38,250,1,1,1,0.0
56,64,1,1,1,0.0
186,341,1,1,1,0.0
88,56,1,1,1,0.0
188,78,1,1,1,0.0
178,68,1,1,1,0.0
82,83,1,1,1,0.0
85,55,1,1,1,0.0
83,77,1,1,1,0.0
259,75,1,1,1,0.0
367,369,1,1,1,0.0
82,81,1,1,1,0.0
64,264,1,1,1,0.0
81,87,1,1,1,0.0
72,81,1,1,1,0.0
364,78,1,1,1,0.0
84,68,1,1,1,0.0
349,77,1,1,1,0.0
16,235,1,1,1,0.0
41,353,1,1,1,0.0
202,14,1,1,1,0.0
188,245,1,1,1,0.0
76,83,1,1,1,0.0
20,69,1,1,1,0.0
245,353,1,1,1,0.0
54,226,1,1,1,0.0
87,44,1,1,1,0.0
88,53,1,1,1,0.0
357,347,1,1,1,0.0
360,183,1,1,1,0.0
216,88,1,1,1,0.0
16,341,1,1,1,0.0
89,24,1,1,1,0.0
359,89,1,1,1,0.0
42,72,1,1,1,0.0
73,251,1,1,1,0.0
40,353,1,1,1,0.0
17,26,1,1,1,0.0
227,90,1,1,1,0.0
189,77,1,1,1,0.0
247,344,1,1,1,0.0
65,252,1,1,1,0.0
245,369,1,1,1,0.0
79,69,1,1,1,0.0
24,53,1,1,1,0.0
85,341,1,1,1,0.0
202,67,1,1,1,0.0
85,64,1,1,1,0.0
356,247,1,1,1,0.0
71,251,1,1,1,0.0
343,63,1,1,1,0.0
189,57,1,1,1,0.0
214,63,1,1,1,0.0
14,27,1,1,1,0.0
179,205,1,1,1,0.0
207,209,1,1,1,0.0
75,63,1,1,1,0.0
253,366,1,1,1,0.0
178,56,1,1,1,0.0
83,78,1,1,1,0.0
78,67,1,1,1,0.0
75,88,1,1,1,0.0
201,81,1,1,1,0.0
82,341,1,1,1,0.0
244,57,1,1,1,0.0
189,86,1,1,1,0.0
367,87,1,1,1,0.0
18,249,1,1,1,0.0
180,55,1,1,1,0.0
86,235,1,1,1,0.0
65,245,1,1,1,0.0
78,236,1,1,1,0.0
91,65,1,1,1,0.0
79,68,1,1,1,0.0
254,57,1,1,1,0.0
362,77,1,1,1,0.0
234,233,1,1,1,0.0
57,81,1,1,1,0.0
226,44,1,1,1,0.0
49,76,1,1,1,0.0
187,53,1,1,1,0.0
357,251,1,1,1,0.0
80,65,1,1,1,0.0
49,82,1,1,1,0.0
20,40,1,1,1,0.0
42,68,1,1,1,0.0
262,90,1,1,1,0.0
35,79,1,1,1,0.0
18,16,1,1,1,0.0
15,27,1,1,1,0.0
84,43,1,1,1,0.0
200,86,1,1,1,0.0
199,84,1,1,1,0.0
257,57,1,1,1,0.0
20,51,1,1,1,0.0
193,201,1,1,1,0.0
259,83,1,1,1,0.0
19,56,1,1,1,0.0
349,78,1,1,1,0.0
77,65,1,1,1,0.0
89,20,1,1,1,0.0
259,182,1,1,1,0.0
55,78,1,1,1,0.0
87,204,1,1,1,0.0
245,27,1,1,1,0.0
50,183,1,1,1,0.0
212,53,1,1,1,0.0
222,63,1,1,1,0.0
